<?xml version="1.0" encoding="utf-8"?>
<!-- BINGIE -->
<window id="1119">
    <defaultcontrol always="true">77777</defaultcontrol>
    <menucontrol>900</menucontrol>
    <include>CustomBingieWinProps</include>
    <include>BingieViews_WindowOpen_Fade</include>
    <controls>
		<include>Defs_TMDbHelper_Loader</include>
		<include>GlobalBackground</include>
        <!--NowPlaying-->
        <include>NowPlayingBackground</include>
        <!-- hidden submenu for count calculations -->
        <include condition="!Skin.HasSetting(DisableAllSubmenus)">hiddenSubmenu</include>
		<control type="group">
			<visible>!$EXP[IsPlayingRecognizedContent]</visible>
			<control type="group">
				<control type="image">
					<width>1920</width>
					<height>1080</height>
					<aspectratio>scale</aspectratio>
					<texture>colors/color_black.png</texture>
				</control>
				<control type="image">
					<width>1920</width>
					<height>1080</height>
					<aspectratio>scale</aspectratio>
					<fadetime>400</fadetime>
					<animation effect="fade" time="400">VisibleChange</animation>
					<texture background="true">$VAR[CategoriesRandomArt]</texture>
				</control>
				<control type="image">
					<width>1920</width>
					<height>1080</height>
					<texture background="true">overlays/gradient_categories.png</texture>
				</control>
				<control type="image">
					<width>1920</width>
					<height>1080</height>
					<texture background="true">overlays/gradient_screensaver.png</texture>
				</control>
			</control>						
			<control type="group">
				<top>820</top>
				<left>1350</left>
				<control type="image" id="9005">
					<height>190</height>                                     
					<width>490</width>
					<align>right</align>
					<fadetime>350</fadetime>
					<aspectratio align="center" aligny="center">keep</aspectratio>
					<texture background="true" fallback="colors/color_transparent.png">$VAR[CategoriesRandomClearLogo]</texture>
				</control>
			</control>	
			<control type="group">
				<top>820</top>
				<left>1310</left>
				<control type="textbox" id="9006">
					<visible>String.EndsWith(Control.GetLabel(9005),color_transparent.png)</visible>
					<height>184</height>
					<width>540</width>
					<font>Title</font> 
					<align>center</align>
					<aligny>center</aligny>
					<textcolor>$INFO[Skin.String(BingieLabelTextColor)]</textcolor>
					<label>$VAR[CategoriesRandomTitle]</label>
					<autoscroll delay="4000" time="2000" repeat="6000">true</autoscroll>
				</control>
			</control>
		</control>	
        <control type="list" id="77777">
        <orientation>vertical</orientation>
        <top>81</top>
        <left>137</left>
		<onleft>900</onleft>
		<onback>900</onback>
        <animation effect="fade" start="0" end="100" time="400">Visible</animation>
        <itemlayout width="600" height="90">
          <control type="label">
			<posx>32</posx>
            <label>$INFO[ListItem.Label]</label>
            <align>left</align>
            <font>BigLight50</font>
			<textcolor>$INFO[Skin.String(BingiePrimaryTextColor)]</textcolor>
			<animation end="50" effect="fade" time="0" condition="true">Conditional</animation>
          </control>
        </itemlayout>
        <focusedlayout width="600" height="90">
		<control type="image">
			<posy>-4</posy>
			<width>10</width>
			<height>70</height>
			<texture background="true" colordiffuse="$VAR[CategoriesColors]">bingie/line.png</texture>
		</control>
        <control type="label">
			<posx>32</posx>
            <align>left</align>
            <label>$INFO[ListItem.Label]</label>
            <font>Bold50</font>
            <textcolor>$INFO[Skin.String(BingiePrimaryTextColor)]</textcolor>
          </control>
        </focusedlayout>
        <content>
		
			<!-- Library lists -->
            <item id="1">
                <label>$LOCALIZE[320101]</label>
                <property name="DBTYPE">category</property>
                <property name="path">special://skin/extras/categories/actionadventure.xsp</property>
                <onclick>SetProperty(category,action &amp; adventure,home)</onclick>
                <onclick>ActivateWindow(1117,return)</onclick>
				<visible>String.IsEqual(Skin.String(categories_types),LibraryList) + Skin.HasSetting(categories_list_action)</visible>
            </item>
            <item id="2">
                <label>$LOCALIZE[320102]</label>
                <property name="DBTYPE">category</property>
                <property name="path">special://skin/extras/categories/dramas.xsp</property>
                <onclick>SetProperty(category,dramas,home)</onclick>
                <onclick>ActivateWindow(1117,return)</onclick>
				<visible>String.IsEqual(Skin.String(categories_types),LibraryList) + Skin.HasSetting(categories_list_dramas)</visible>
            </item>
            <item id="3">
                <label>$LOCALIZE[320103]</label>
                <property name="DBTYPE">category</property>
                <property name="path">special://skin/extras/categories/comedies.xsp</property>
                <onclick>SetProperty(category,comedies,home)</onclick>
                <onclick>ActivateWindow(1117,return)</onclick>
				<visible>String.IsEqual(Skin.String(categories_types),LibraryList) + Skin.HasSetting(categories_list_comedies)</visible>
            </item>
			<item id="4">
                <label>$LOCALIZE[320104]</label>
                <property name="DBTYPE">category</property>
                <property name="path">special://skin/extras/categories/kidsandfamily.xsp</property>
                <onclick>SetProperty(category,kids &amp; family,home)</onclick>
                <onclick>ActivateWindow(1117,return)</onclick>
				<visible>String.IsEqual(Skin.String(categories_types),LibraryList) + Skin.HasSetting(categories_list_family)</visible>
            </item>
            <item id="5">
                <label>$LOCALIZE[320105]</label>
                <property name="DBTYPE">category</property>
                <property name="path">special://skin/extras/categories/horror.xsp</property>
                <onclick>SetProperty(category,horror,home)</onclick>
                <onclick>ActivateWindow(1117,return)</onclick>
				<visible>String.IsEqual(Skin.String(categories_types),LibraryList) + Skin.HasSetting(categories_list_horror)</visible>
            </item>
            <item id="6">
                <label>$LOCALIZE[31159]</label>
                <property name="DBTYPE">category</property>
                <property name="path">special://skin/extras/categories/documentaries.xsp</property>
                <onclick>SetProperty(category,documentaries,home)</onclick>
                <onclick>ActivateWindow(1117,return)</onclick>
				<visible>String.IsEqual(Skin.String(categories_types),LibraryList) + Skin.HasSetting(categories_list_documentaries)</visible>
            </item>
            <item id="7">
                <label>$LOCALIZE[31046]</label>
                <property name="DBTYPE">category</property>
                <property name="path">special://skin/extras/categories/anime.xsp</property>
                <onclick>SetProperty(category,anime,home)</onclick>
                <onclick>ActivateWindow(1117,return)</onclick>
				<visible>String.IsEqual(Skin.String(categories_types),LibraryList) + Skin.HasSetting(categories_list_anime)</visible>
            </item>
            <item id="8">
                <label>$LOCALIZE[320108]</label>
                <property name="DBTYPE">category</property>
                <property name="path">special://skin/extras/categories/crime.xsp</property>
                <onclick>SetProperty(category,crime,home)</onclick>
                <onclick>ActivateWindow(1117,return)</onclick>
				<visible>String.IsEqual(Skin.String(categories_types),LibraryList) + Skin.HasSetting(categories_list_crime)</visible>
            </item>
            <item id="9">
                <label>$LOCALIZE[320109]</label>
                <property name="DBTYPE">category</property>
                <property name="path">special://skin/extras/categories/fantasy.xsp</property>
                <onclick>SetProperty(category,fantasy,home)</onclick>
                <onclick>ActivateWindow(1117,return)</onclick>
				<visible>String.IsEqual(Skin.String(categories_types),LibraryList) + Skin.HasSetting(categories_list_fantasy)</visible>
            </item>
			<item id="10">
                <label>$LOCALIZE[320110]</label>
                <property name="DBTYPE">category</property>
                <property name="path">special://skin/extras/categories/historywar.xsp</property>
                <onclick>SetProperty(category,history &amp; war,home)</onclick>
                <onclick>ActivateWindow(1117,return)</onclick>
				<visible>String.IsEqual(Skin.String(categories_types),LibraryList) + Skin.HasSetting(categories_list_history)</visible>
            </item>
			<item id="11">
                <label>$LOCALIZE[320111]</label>
                <property name="DBTYPE">category</property>
                <property name="path">special://skin/extras/categories/animations.xsp</property>
                <onclick>SetProperty(category,animations,home)</onclick>
                <onclick>ActivateWindow(1117,return)</onclick>
				<visible>String.IsEqual(Skin.String(categories_types),LibraryList) + Skin.HasSetting(categories_list_animations)</visible>
            </item>
            <item id="12">
                <label>$LOCALIZE[31049]</label>
                <property name="DBTYPE">category</property>
                <property name="path">special://skin/extras/categories/musicandmusical.xsp</property>               
                <onclick>SetProperty(category,music &amp; musicals,home)</onclick>
                <onclick>ActivateWindow(1117,return)</onclick>
				<visible>String.IsEqual(Skin.String(categories_types),LibraryList) + Skin.HasSetting(categories_list_musicals)</visible>
            </item>
            <item id="13">
                <label>$LOCALIZE[320113]</label>
                <property name="DBTYPE">category</property>
                <property name="path">special://skin/extras/categories/romance.xsp</property>
                <onclick>SetProperty(category,romance,home)</onclick>
                <onclick>ActivateWindow(1117,return)</onclick>
				<visible>String.IsEqual(Skin.String(categories_types),LibraryList) + Skin.HasSetting(categories_list_romance)</visible>
            </item>
			<item id="14">
                <label>$LOCALIZE[320114]</label>
                <property name="DBTYPE">category</property>
                <property name="path">special://skin/extras/categories/scifi.xsp</property>
                <onclick>SetProperty(category,sci-fi,home)</onclick>
                <onclick>ActivateWindow(1117,return)</onclick>
				<visible>String.IsEqual(Skin.String(categories_types),LibraryList) + Skin.HasSetting(categories_list_sci-fi)</visible>
            </item>
			<item id="15">
                <label>$LOCALIZE[320115]</label>
                <property name="DBTYPE">category</property>
                <property name="path">special://skin/extras/categories/mysteries.xsp</property>
                <onclick>SetProperty(category,mysteries,home)</onclick>
                <onclick>ActivateWindow(1117,return)</onclick>
				<visible>String.IsEqual(Skin.String(categories_types),LibraryList) + Skin.HasSetting(categories_list_mysteries)</visible>
            </item>
			<item id="16">
                <label>$LOCALIZE[320116]</label>
                <property name="DBTYPE">category</property>
                <property name="path">special://skin/extras/categories/thriller.xsp</property>
                <onclick>SetProperty(category,thriller,home)</onclick>
                <onclick>ActivateWindow(1117,return)</onclick>
				<visible>String.IsEqual(Skin.String(categories_types),LibraryList) + Skin.HasSetting(categories_list_thriller)</visible>
            </item>
			<item id="17">
                <label>$LOCALIZE[320117]</label>
                <property name="DBTYPE">category</property>
                <property name="path">special://skin/extras/categories/westerns.xsp</property>
                <onclick>SetProperty(category,westerns,home)</onclick>
                <onclick>ActivateWindow(1117,return)</onclick>
				<visible>String.IsEqual(Skin.String(categories_types),LibraryList) + Skin.HasSetting(categories_list_westerns)</visible>
            </item>
			<item id="18">
                <label>$LOCALIZE[320118]</label>
                <property name="DBTYPE">category</property>
                <property name="path">special://skin/extras/categories/tvactionadventure.xsp</property>
                <onclick>SetProperty(category,TV action &amp; adventure,home)</onclick>
                <onclick>ActivateWindow(1117,return)</onclick>
				<visible>String.IsEqual(Skin.String(categories_types),LibraryList) + Skin.HasSetting(categories_list_tvaction)</visible>
            </item>
			<item id="19">
                <label>$LOCALIZE[320119]</label>
                <property name="DBTYPE">category</property>
                <property name="path">special://skin/extras/categories/tvdramas.xsp</property>
                <onclick>SetProperty(category,TV dramas,home)</onclick>
                <onclick>ActivateWindow(1117,return)</onclick>
				<visible>String.IsEqual(Skin.String(categories_types),LibraryList) + Skin.HasSetting(categories_list_tvdramas)</visible>
            </item>
			<item id="20">
                <label>$LOCALIZE[320120]</label>
                <property name="DBTYPE">category</property>
                <property name="path">special://skin/extras/categories/tvcomedies.xsp</property>
                <onclick>SetProperty(category,TV comedies,home)</onclick>
                <onclick>ActivateWindow(1117,return)</onclick>
				<visible>String.IsEqual(Skin.String(categories_types),LibraryList) + Skin.HasSetting(categories_list_tvcomedies)</visible>
            </item>
			<item id="21">
                <label>$LOCALIZE[320121]</label>
                <property name="DBTYPE">category</property>
                <property name="path">special://skin/extras/categories/tvkidsandfamily.xsp</property>
                <onclick>SetProperty(category,TV kids &amp; family,home)</onclick>
                <onclick>ActivateWindow(1117,return)</onclick>
				<visible>String.IsEqual(Skin.String(categories_types),LibraryList) + Skin.HasSetting(categories_list_tvfamily)</visible>
            </item>
			<item id="22">
                <label>$LOCALIZE[320122]</label>
                <property name="DBTYPE">category</property>
                <property name="path">special://skin/extras/categories/tvdocumentaries.xsp</property>
                <onclick>SetProperty(category,TV documentaries,home)</onclick>
                <onclick>ActivateWindow(1117,return)</onclick>
				<visible>String.IsEqual(Skin.String(categories_types),LibraryList) + Skin.HasSetting(categories_list_tvdocumentaries)</visible>
            </item>
			<item id="23">
                <label>$LOCALIZE[320123]</label>
                <property name="DBTYPE">category</property>
                <property name="path">special://skin/extras/categories/tvcrime.xsp</property>
                <onclick>SetProperty(TV category,TV crime,home)</onclick>
                <onclick>ActivateWindow(1117,return)</onclick>
				<visible>String.IsEqual(Skin.String(categories_types),LibraryList) + Skin.HasSetting(categories_list_tvcrime)</visible>
            </item>
			<item id="24">
                <label>$LOCALIZE[320124]</label>
                <property name="DBTYPE">category</property>
                <property name="path">special://skin/extras/categories/tvscififantasy.xsp</property>
                <onclick>SetProperty(category,TV sci-fi &amp; fantasy,home)</onclick>
                <onclick>ActivateWindow(1117,return)</onclick>
				<visible>String.IsEqual(Skin.String(categories_types),LibraryList) + Skin.HasSetting(categories_list_tvfantasy)</visible>
            </item>
			<item id="25">
                <label>$LOCALIZE[320125]</label>
                <property name="DBTYPE">category</property>
                <property name="path">special://skin/extras/categories/tvwarpolitics.xsp</property>
                <onclick>SetProperty(category,TV war &amp; politics,home)</onclick>
                <onclick>ActivateWindow(1117,return)</onclick>
				<visible>String.IsEqual(Skin.String(categories_types),LibraryList) + Skin.HasSetting(categories_list_tvwar)</visible>
            </item>
			<item id="26">
                <label>$LOCALIZE[320126]</label>
                <property name="DBTYPE">category</property>
                <property name="path">special://skin/extras/categories/tvanimations.xsp</property>
                <onclick>SetProperty(category,TV animations,home)</onclick>
                <onclick>ActivateWindow(1117,return)</onclick>
				<visible>String.IsEqual(Skin.String(categories_types),LibraryList) + Skin.HasSetting(categories_list_tvanimations)</visible>
            </item>
			<item id="27">
                <label>$LOCALIZE[320127]</label>
                <property name="DBTYPE">category</property>
                <property name="path">special://skin/extras/categories/tvmysteries.xsp</property>
                <onclick>SetProperty(category,TV mysteries,home)</onclick>
                <onclick>ActivateWindow(1117,return)</onclick>
				<visible>String.IsEqual(Skin.String(categories_types),LibraryList) + Skin.HasSetting(categories_list_tvmysteries)</visible>
            </item>
			<item id="28">
                <label>$LOCALIZE[320128]</label>
                <property name="DBTYPE">category</property>
                <property name="path">special://skin/extras/categories/tvwesterns.xsp</property>
                <onclick>SetProperty(category,TV westerns,home)</onclick>
                <onclick>ActivateWindow(1117,return)</onclick>
				<visible>String.IsEqual(Skin.String(categories_types),LibraryList) + Skin.HasSetting(categories_list_tvwesterns)</visible>
            </item>
			
			<!-- TMDb Helper lists -->
			<item id="1">
                <label>$LOCALIZE[320101]</label>
                <property name="DBTYPE">category</property>
                <property name="path">plugin://plugin.video.themoviedb.helper/?info=discover&amp;sort_by=popularity.desc&amp;tmdb_id=None&amp;tmdb_type=movie&amp;with_genres=28%20%2f%2012&amp;with_id=True&amp;with_separator=OR&amp;without_genres=16$VAR[Path_Param_Categories_Digital_Release]</property>
                <onclick>SetProperty(category,action &amp; adventure,home)</onclick>
                <onclick>ActivateWindow(1117,return)</onclick>
				<visible>String.IsEqual(Skin.String(categories_types),TMDbHelperList) + Skin.HasSetting(categories_list_action)</visible>
            </item>
			<item id="2">
                <label>$LOCALIZE[320102]</label>
                <property name="DBTYPE">category</property>
                <property name="path">plugin://plugin.video.themoviedb.helper/?info=discover&amp;sort_by=popularity.desc&amp;tmdb_id=None&amp;tmdb_type=movie&amp;with_genres=18&amp;with_id=True&amp;with_separator=AND$VAR[Path_Param_Categories_Digital_Release]</property>
                <onclick>SetProperty(category,dramas,home)</onclick>
                <onclick>ActivateWindow(1117,return)</onclick>
				<visible>String.IsEqual(Skin.String(categories_types),TMDbHelperList) + Skin.HasSetting(categories_list_dramas)</visible>
            </item>
			<item id="3">
                <label>$LOCALIZE[320103]</label>
                <property name="DBTYPE">category</property>
                <property name="path">plugin://plugin.video.themoviedb.helper/?info=discover&amp;sort_by=popularity.desc&amp;tmdb_id=None&amp;tmdb_type=movie&amp;with_genres=35&amp;with_id=True&amp;with_separator=AND$VAR[Path_Param_Categories_Digital_Release]</property>
                <onclick>SetProperty(category,comedies,home)</onclick>
                <onclick>ActivateWindow(1117,return)</onclick>
				<visible>String.IsEqual(Skin.String(categories_types),TMDbHelperList) + Skin.HasSetting(categories_list_comedies)</visible>
            </item>
			<item id="4">
                <label>$LOCALIZE[320104]</label>
                <property name="DBTYPE">category</property>
                <property name="path">plugin://plugin.video.themoviedb.helper/?info=discover&amp;sort_by=popularity.desc&amp;tmdb_id=None&amp;tmdb_type=movie&amp;with_genres=10751&amp;with_id=True&amp;with_separator=AND$VAR[Path_Param_Categories_Digital_Release]</property>
                <onclick>SetProperty(category,kids &amp; family,home)</onclick>
                <onclick>ActivateWindow(1117,return)</onclick>
				<visible>String.IsEqual(Skin.String(categories_types),TMDbHelperList) + Skin.HasSetting(categories_list_family)</visible>
            </item>
			<item id="5">
                <label>$LOCALIZE[320105]</label>
                <property name="DBTYPE">category</property>
                <property name="path">plugin://plugin.video.themoviedb.helper/?info=discover&amp;sort_by=popularity.desc&amp;tmdb_id=None&amp;tmdb_type=movie&amp;with_genres=27&amp;with_id=True&amp;with_separator=AND$VAR[Path_Param_Categories_Digital_Release]</property>
                <onclick>SetProperty(category,horror,home)</onclick>
                <onclick>ActivateWindow(1117,return)</onclick>
				<visible>String.IsEqual(Skin.String(categories_types),TMDbHelperList) + Skin.HasSetting(categories_list_horror)</visible>
            </item>
			<item id="6">
                <label>$LOCALIZE[31159]</label>
                <property name="DBTYPE">category</property>
                <property name="path">plugin://plugin.video.themoviedb.helper/?info=discover&amp;sort_by=popularity.desc&amp;tmdb_id=None&amp;tmdb_type=movie&amp;with_genres=99&amp;with_id=True&amp;with_separator=AND$VAR[Path_Param_Categories_Digital_Release]</property>
                <onclick>SetProperty(category,documentaries,home)</onclick>
                <onclick>ActivateWindow(1117,return)</onclick>
				<visible>String.IsEqual(Skin.String(categories_types),TMDbHelperList) + Skin.HasSetting(categories_list_documentaries)</visible>
            </item>
			<item id="7">
                <label>$LOCALIZE[31046]</label>
                <property name="DBTYPE">category</property>
                <property name="path">plugin://plugin.video.themoviedb.helper/?info=discover&amp;sort_by=popularity.desc&amp;tmdb_id=None&amp;tmdb_type=movie&amp;with_id=True&amp;with_keywords=210024&amp;with_separator=AND$VAR[Path_Param_Categories_Digital_Release]</property>
                <onclick>SetProperty(category,anime,home)</onclick>
                <onclick>ActivateWindow(1117,return)</onclick>
				<visible>String.IsEqual(Skin.String(categories_types),TMDbHelperList) + Skin.HasSetting(categories_list_anime)</visible>
            </item>
			<item id="8">
                <label>$LOCALIZE[320108]</label>
                <property name="DBTYPE">category</property>
                <property name="path">plugin://plugin.video.themoviedb.helper/?info=discover&amp;sort_by=popularity.desc&amp;tmdb_id=None&amp;tmdb_type=movie&amp;with_genres=80&amp;with_id=True&amp;with_separator=AND$VAR[Path_Param_Categories_Digital_Release]</property>
                <onclick>SetProperty(category,crime,home)</onclick>
                <onclick>ActivateWindow(1117,return)</onclick>
				<visible>String.IsEqual(Skin.String(categories_types),TMDbHelperList) + Skin.HasSetting(categories_list_crime)</visible>
            </item>
			<item id="9">
                <label>$LOCALIZE[320109]</label>
                <property name="DBTYPE">category</property>
                <property name="path">plugin://plugin.video.themoviedb.helper/?info=discover&amp;sort_by=popularity.desc&amp;tmdb_id=None&amp;tmdb_type=movie&amp;with_genres=14&amp;with_id=True&amp;with_separator=AND&amp;without_genres=16$VAR[Path_Param_Categories_Digital_Release]</property>
                <onclick>SetProperty(category,fantasy,home)</onclick>
                <onclick>ActivateWindow(1117,return)</onclick>
				<visible>String.IsEqual(Skin.String(categories_types),TMDbHelperList) + Skin.HasSetting(categories_list_fantasy)</visible>
            </item>
			<item id="10">
                <label>$LOCALIZE[320110]</label>
                <property name="DBTYPE">category</property>
                <property name="path">plugin://plugin.video.themoviedb.helper/?info=discover&amp;sort_by=popularity.desc&amp;tmdb_id=None&amp;tmdb_type=movie&amp;with_genres=36%20%2f%2010752&amp;with_id=True&amp;with_separator=OR$VAR[Path_Param_Categories_Digital_Release]</property>
                <onclick>SetProperty(category,history &amp; war,home)</onclick>
                <onclick>ActivateWindow(1117,return)</onclick>
				<visible>String.IsEqual(Skin.String(categories_types),TMDbHelperList) + Skin.HasSetting(categories_list_history)</visible>
            </item>
			<item id="11">
                <label>$LOCALIZE[320111]</label>
                <property name="DBTYPE">category</property>
                <property name="path">plugin://plugin.video.themoviedb.helper/?info=discover&amp;sort_by=popularity.desc&amp;tmdb_id=None&amp;tmdb_type=movie&amp;with_genres=16&amp;with_id=True&amp;with_separator=AND$VAR[Path_Param_Categories_Digital_Release]</property>
                <onclick>SetProperty(category,animations,home)</onclick>
                <onclick>ActivateWindow(1117,return)</onclick>
				<visible>String.IsEqual(Skin.String(categories_types),TMDbHelperList) + Skin.HasSetting(categories_list_animations)</visible>
            </item>
			<item id="12">
                <label>$LOCALIZE[31049]</label>
                <property name="DBTYPE">category</property>
                <property name="path">plugin://plugin.video.themoviedb.helper/?info=discover&amp;sort_by=popularity.desc&amp;tmdb_id=None&amp;tmdb_type=movie&amp;with_genres=10402&amp;with_id=True&amp;with_separator=AND$VAR[Path_Param_Categories_Digital_Release]</property>
                <onclick>SetProperty(category,music &amp; musicals,home)</onclick>
                <onclick>ActivateWindow(1117,return)</onclick>
				<visible>String.IsEqual(Skin.String(categories_types),TMDbHelperList) + Skin.HasSetting(categories_list_musicals)</visible>
            </item>
			<item id="13">
                <label>$LOCALIZE[320113]</label>
                <property name="DBTYPE">category</property>
                <property name="path">plugin://plugin.video.themoviedb.helper/?info=discover&amp;sort_by=popularity.desc&amp;tmdb_id=None&amp;tmdb_type=movie&amp;with_genres=10749&amp;with_id=True&amp;with_separator=AND$VAR[Path_Param_Categories_Digital_Release]</property>
                <onclick>SetProperty(category,romance,home)</onclick>
                <onclick>ActivateWindow(1117,return)</onclick>
				<visible>String.IsEqual(Skin.String(categories_types),TMDbHelperList) + Skin.HasSetting(categories_list_romance)</visible>
            </item>
			<item id="14">
                <label>$LOCALIZE[320114]</label>
                <property name="DBTYPE">category</property>
                <property name="path">plugin://plugin.video.themoviedb.helper/?info=discover&amp;sort_by=popularity.desc&amp;tmdb_id=None&amp;tmdb_type=movie&amp;with_genres=878&amp;with_id=True&amp;with_separator=AND&amp;without_genres=16$VAR[Path_Param_Categories_Digital_Release]</property>
                <onclick>SetProperty(category,sci-fi,home)</onclick>
                <onclick>ActivateWindow(1117,return)</onclick>
				<visible>String.IsEqual(Skin.String(categories_types),TMDbHelperList) + Skin.HasSetting(categories_list_sci-fi)</visible>
            </item>
			<item id="15">
                <label>$LOCALIZE[320115]</label>
                <property name="DBTYPE">category</property>
                <property name="path">plugin://plugin.video.themoviedb.helper/?info=discover&amp;sort_by=popularity.desc&amp;tmdb_id=None&amp;tmdb_type=movie&amp;with_genres=9648&amp;with_id=True&amp;with_separator=AND&amp;without_genres=16$VAR[Path_Param_Categories_Digital_Release]</property>
                <onclick>SetProperty(category,mysteries,home)</onclick>
                <onclick>ActivateWindow(1117,return)</onclick>
				<visible>String.IsEqual(Skin.String(categories_types),TMDbHelperList) + Skin.HasSetting(categories_list_mysteries)</visible>
            </item>
			<item id="16">
                <label>$LOCALIZE[320116]</label>
                <property name="DBTYPE">category</property>
                <property name="path">plugin://plugin.video.themoviedb.helper/?info=discover&amp;sort_by=popularity.desc&amp;tmdb_id=None&amp;tmdb_type=movie&amp;with_genres=53&amp;with_id=True&amp;with_separator=AND$VAR[Path_Param_Categories_Digital_Release]</property>
                <onclick>SetProperty(category,thriller,home)</onclick>
                <onclick>ActivateWindow(1117,return)</onclick>
				<visible>String.IsEqual(Skin.String(categories_types),TMDbHelperList) + Skin.HasSetting(categories_list_thriller)</visible>
            </item>
			<item id="17">
                <label>$LOCALIZE[320117]</label>
                <property name="DBTYPE">category</property>
                <property name="path">plugin://plugin.video.themoviedb.helper/?info=discover&amp;sort_by=popularity.desc&amp;tmdb_id=None&amp;tmdb_type=movie&amp;with_genres=37&amp;with_id=True&amp;with_separator=AND&amp;without_genres=16$VAR[Path_Param_Categories_Digital_Release]</property>
                <onclick>SetProperty(category,westerns,home)</onclick>
                <onclick>ActivateWindow(1117,return)</onclick>
				<visible>String.IsEqual(Skin.String(categories_types),TMDbHelperList) + Skin.HasSetting(categories_list_westerns)</visible>
            </item>
			<item id="18">
                <label>$LOCALIZE[320118]</label>
                <property name="DBTYPE">category</property>
                <property name="path">plugin://plugin.video.themoviedb.helper/?info=discover&amp;sort_by=popularity.desc&amp;tmdb_id=None&amp;tmdb_type=tv&amp;with_genres=10759&amp;with_id=True&amp;with_separator=AND&amp;without_genres=16%20%2f%2010766$VAR[Path_Param_Categories_Digital_Release]</property>
                <onclick>SetProperty(category,TV action &amp; adventure,home)</onclick>
                <onclick>ActivateWindow(1117,return)</onclick>
				<visible>String.IsEqual(Skin.String(categories_types),TMDbHelperList) + Skin.HasSetting(categories_list_tvaction)</visible>
            </item>
			<item id="19">
                <label>$LOCALIZE[320119]</label>
                <property name="DBTYPE">category</property>
                <property name="path">plugin://plugin.video.themoviedb.helper/?info=discover&amp;sort_by=popularity.desc&amp;tmdb_id=None&amp;tmdb_type=tv&amp;with_genres=18&amp;with_id=True&amp;with_separator=AND&amp;without_genres=10766$VAR[Path_Param_Categories_Digital_Release]</property>
                <onclick>SetProperty(category,TV dramas,home)</onclick>
                <onclick>ActivateWindow(1117,return)</onclick>
				<visible>String.IsEqual(Skin.String(categories_types),TMDbHelperList) + Skin.HasSetting(categories_list_tvdramas)</visible>
            </item>
			<item id="20">
                <label>$LOCALIZE[320120]</label>
                <property name="DBTYPE">category</property>
                <property name="path">plugin://plugin.video.themoviedb.helper/?info=discover&amp;sort_by=popularity.desc&amp;tmdb_id=None&amp;tmdb_type=tv&amp;with_genres=35&amp;with_id=True&amp;with_separator=AND&amp;without_genres=10766$VAR[Path_Param_Categories_Digital_Release]</property>
                <onclick>SetProperty(category,TV comedies,home)</onclick>
                <onclick>ActivateWindow(1117,return)</onclick>
				<visible>String.IsEqual(Skin.String(categories_types),TMDbHelperList) + Skin.HasSetting(categories_list_tvcomedies)</visible>
            </item>
			<item id="21">
                <label>$LOCALIZE[320121]</label>
                <property name="DBTYPE">category</property>
                <property name="path">plugin://plugin.video.themoviedb.helper/?info=discover&amp;sort_by=popularity.desc&amp;tmdb_id=None&amp;tmdb_type=tv&amp;with_genres=10751%20%2f%2010762&amp;with_id=True&amp;with_separator=OR&amp;without_genres=10766$VAR[Path_Param_Categories_Digital_Release]</property>
                <onclick>SetProperty(category,TV kids &amp; family,home)</onclick>
                <onclick>ActivateWindow(1117,return)</onclick>
				<visible>String.IsEqual(Skin.String(categories_types),TMDbHelperList) + Skin.HasSetting(categories_list_tvfamily)</visible>
            </item>
			<item id="22">
                <label>$LOCALIZE[320122]</label>
                <property name="DBTYPE">category</property>
                <property name="path">plugin://plugin.video.themoviedb.helper/?info=discover&amp;sort_by=popularity.desc&amp;tmdb_id=None&amp;tmdb_type=tv&amp;with_genres=99&amp;with_id=True&amp;with_separator=AND$VAR[Path_Param_Categories_Digital_Release]</property>
                <onclick>SetProperty(category,TV documentaries,home)</onclick>
                <onclick>ActivateWindow(1117,return)</onclick>
				<visible>String.IsEqual(Skin.String(categories_types),TMDbHelperList) + Skin.HasSetting(categories_list_tvdocumentaries)</visible>
            </item>
			<item id="23">
                <label>$LOCALIZE[320123]</label>
                <property name="DBTYPE">category</property>
                <property name="path">plugin://plugin.video.themoviedb.helper/?info=discover&amp;sort_by=popularity.desc&amp;tmdb_id=None&amp;tmdb_type=tv&amp;with_genres=80&amp;with_id=True&amp;with_separator=AND$VAR[Path_Param_Categories_Digital_Release]</property>
                <onclick>SetProperty(category,TV crime,home)</onclick>
                <onclick>ActivateWindow(1117,return)</onclick>
				<visible>String.IsEqual(Skin.String(categories_types),TMDbHelperList) + Skin.HasSetting(categories_list_tvcrime)</visible>
            </item>
			<item id="24">
                <label>$LOCALIZE[320124]</label>
                <property name="DBTYPE">category</property>
                <property name="path">plugin://plugin.video.themoviedb.helper/?info=discover&amp;sort_by=popularity.desc&amp;tmdb_id=None&amp;tmdb_type=tv&amp;with_genres=10765&amp;with_id=True&amp;with_separator=AND&amp;without_genres=16$VAR[Path_Param_Categories_Digital_Release]</property>
                <onclick>SetProperty(category,TV sci-fi &amp; fantasy,home)</onclick>
                <onclick>ActivateWindow(1117,return)</onclick>
				<visible>String.IsEqual(Skin.String(categories_types),TMDbHelperList) + Skin.HasSetting(categories_list_tvfantasy)</visible>
            </item>
			<item id="25">
                <label>$LOCALIZE[320125]</label>
                <property name="DBTYPE">category</property>
                <property name="path">plugin://plugin.video.themoviedb.helper/?info=discover&amp;sort_by=popularity.desc&amp;tmdb_id=None&amp;tmdb_type=tv&amp;with_genres=10768&amp;with_id=True&amp;with_separator=AND$VAR[Path_Param_Categories_Digital_Release]</property>
                <onclick>SetProperty(category,TV war &amp; politics,home)</onclick>
                <onclick>ActivateWindow(1117,return)</onclick>
				<visible>String.IsEqual(Skin.String(categories_types),TMDbHelperList) + Skin.HasSetting(categories_list_tvwar)</visible>
            </item>
			<item id="26">
                <label>$LOCALIZE[320126]</label>
                <property name="DBTYPE">category</property>
                <property name="path">plugin://plugin.video.themoviedb.helper/?info=discover&amp;sort_by=popularity.desc&amp;tmdb_id=None&amp;tmdb_type=tv&amp;with_genres=16&amp;with_id=True&amp;with_separator=AND$VAR[Path_Param_Categories_Digital_Release]</property>
                <onclick>SetProperty(category,TV animations,home)</onclick>
                <onclick>ActivateWindow(1117,return)</onclick>
				<visible>String.IsEqual(Skin.String(categories_types),TMDbHelperList) + Skin.HasSetting(categories_list_tvanimations)</visible>
            </item>
			<item id="27">
                <label>$LOCALIZE[320127]</label>
                <property name="DBTYPE">category</property>
                <property name="path">plugin://plugin.video.themoviedb.helper/?info=discover&amp;sort_by=popularity.desc&amp;tmdb_id=None&amp;tmdb_type=tv&amp;with_genres=9648&amp;with_id=True&amp;with_separator=AND&amp;without_genres=16$VAR[Path_Param_Categories_Digital_Release]</property>
                <onclick>SetProperty(category,TV mysteries,home)</onclick>
                <onclick>ActivateWindow(1117,return)</onclick>
				<visible>String.IsEqual(Skin.String(categories_types),TMDbHelperList) + Skin.HasSetting(categories_list_tvmysteries)</visible>
            </item>
			<item id="28">
                <label>$LOCALIZE[320128]</label>
                <property name="DBTYPE">category</property>
                <property name="path">plugin://plugin.video.themoviedb.helper/?info=discover&amp;sort_by=popularity.desc&amp;tmdb_id=None&amp;tmdb_type=tv&amp;with_genres=37&amp;with_id=True&amp;with_separator=AND$VAR[Path_Param_Categories_Digital_Release]</property>
                <onclick>SetProperty(category,TV westerns,home)</onclick>
                <onclick>ActivateWindow(1117,return)</onclick>
				<visible>String.IsEqual(Skin.String(categories_types),TMDbHelperList) + Skin.HasSetting(categories_list_tvwesterns)</visible>
            </item>
			
        </content>
    </control>
	    <include content="Dim_Overlay">
            <param name="visibility" value="$EXP[IsMainMenuOpened]" />
        </include>
	<include>BingieSideBladeMainMenu</include>
		<!-- Snow Effect -->
        <control type="group">
            <include condition="String.IsEqual(Skin.String(season_greetings),snow_animation)">snow</include>
        </control>
		<!-- Halloween Effect -->
        <control type="group">
            <include condition="String.IsEqual(Skin.String(season_greetings),halloween_animation)">pumpkin</include>
        </control>
    </controls>
</window>
