<?xml version="1.0" encoding="UTF-8"?>
<!-- BINGIE -->
<includes>
    <!-- ######## Bingie Search Mini Keyboard ######## -->
    <include name="BingieSearchMiniKeyboard">
        <!-- Keyboard Edit -->
        <control type="edit" id="312">
            <left>648</left>
            <top>29</top>
            <height>70</height>
            <width>1200</width>
            <textoffsetx>0</textoffsetx>
            <font>Reg42</font>
            <align>left</align>
            <aligny>top</aligny>
            <textcolor>$INFO[Skin.String(ViewDetailsTextColor)]</textcolor>
            <focusedcolor/>
            <disabledcolor/>
            <pulseonselect>false</pulseonselect>
            <texturefocus/>
            <texturenofocus/>
            <ondown>9999</ondown>
            <onleft>9999</onleft>
        </control>

        <!-- keyboard  -->
        <control type="grouplist" id="9999">
            <animation effect="fade" time="300">WindowOpen</animation>
            <top>80</top>
            <include condition="String.IsEqual(Skin.String(HomeLayout),bingie)">No_Circular_Left</include>
            <left>90</left>
            <orientation>vertical</orientation>
            <itemgap>-10</itemgap>

            <!-- First Row -->
            <control type="grouplist" id="1000">
                <height>search_key_size</height>
                <itemgap>-10</itemgap>
                <orientation>horizontal</orientation>
                <onright>312</onright>
                <onup>312</onup>
                <ondown>2000</ondown>
                <!-- SPACE -->
                <control type="radiobutton" id="32">
                    <height>search_key_size</height>
                    <width>search_radiokey_width</width>
                    <label/>
                    <radioposx>60</radioposx>
                    <radioposy>20</radioposy>
                    <radiowidth>100</radiowidth>
                    <radioheight>40</radioheight>
                    <textureradioonfocus colordiffuse="$INFO[Skin.String(BingieButtonFocusTextColor)]">bingie/keyboard/space.png</textureradioonfocus>
                    <textureradioofffocus colordiffuse="$INFO[Skin.String(BingieButtonFocusTextColor)]">bingie/keyboard/space.png</textureradioofffocus>
                    <textureradioonnofocus colordiffuse="$INFO[Skin.String(BingieButtonTextColor)]">bingie/keyboard/space.png</textureradioonnofocus>
                    <textureradiooffnofocus colordiffuse="$INFO[Skin.String(BingieButtonTextColor)]">bingie/keyboard/space.png</textureradiooffnofocus>
                    <include>SearchKeyDefs</include>
                    <onup>312</onup>
                    <ondown>2000</ondown>
                </control>
                <!-- BACKSPACE -->
                <control type="radiobutton" id="8">
                    <height>search_key_size</height>
                    <width>search_radiokey_width</width>
                    <label/>
                    <radioposx>30</radioposx>
                    <radioposy>20</radioposy>
                    <radiowidth>160</radiowidth>
                    <radioheight>40</radioheight>
                    <textureradioonfocus colordiffuse="$INFO[Skin.String(BingieButtonFocusTextColor)]">bingie/keyboard/backspace.png</textureradioonfocus>
                    <textureradioofffocus colordiffuse="$INFO[Skin.String(BingieButtonFocusTextColor)]">bingie/keyboard/backspace.png</textureradioofffocus>
                    <textureradioonnofocus colordiffuse="$INFO[Skin.String(BingieButtonTextColor)]">bingie/keyboard/backspace.png</textureradioonnofocus>
                    <textureradiooffnofocus colordiffuse="$INFO[Skin.String(BingieButtonTextColor)]">bingie/keyboard/backspace.png</textureradiooffnofocus>
                    <include>SearchKeyDefs</include>
                    <onup>312</onup>
                    <ondown>2000</ondown>
                </control>
            </control>

            <!-- Second Row -->
            <control type="grouplist" id="2000">
                <height>search_key_size</height>
                <itemgap>-10</itemgap>
                <orientation>horizontal</orientation>
                <onright>312</onright>
                <onup>1000</onup>
                <ondown>3000</ondown>
                <!-- START OF QWERTY -->
                <include content="NativeSearchKey">
                    <param name="id" value="120" />
                    <param name="onup" value="32" />
                    <param name="ondown" value="126" />
                </include>
                <include content="NativeSearchKey">
                    <param name="id" value="121" />
                    <param name="onup" value="32" />
                    <param name="ondown" value="127" />
                </include>
                <include content="NativeSearchKey">
                    <param name="id" value="122" />
                    <param name="onup" value="32" />
                    <param name="ondown" value="128" />
                </include>
                <include content="NativeSearchKey">
                    <param name="id" value="123" />
                    <param name="onup" value="8" />
                    <param name="ondown" value="129" />
                </include>
                <include content="NativeSearchKey">
                    <param name="id" value="124" />
                    <param name="onup" value="8" />
                    <param name="ondown" value="140" />
                </include>
                <include content="NativeSearchKey">
                    <param name="id" value="125" />
                    <param name="onup" value="8" />
                    <param name="ondown" value="141" />
                </include>
            </control>

            <!-- Third Row -->
            <control type="grouplist" id="3000">
                <height>search_key_size</height>
                <itemgap>-10</itemgap>
                <orientation>horizontal</orientation>
                <onright>312</onright>
                <onup>2000</onup>
                <ondown>4000</ondown>
                <include content="NativeSearchKey">
                    <param name="id" value="126" />
                    <param name="onup" value="120" />
                    <param name="ondown" value="142" />
                </include>
                <include content="NativeSearchKey">
                    <param name="id" value="127" />
                    <param name="onup" value="121" />
                    <param name="ondown" value="143" />
                </include>
                <include content="NativeSearchKey">
                    <param name="id" value="128" />
                    <param name="onup" value="122" />
                    <param name="ondown" value="144" />
                </include>
                <include content="NativeSearchKey">
                    <param name="id" value="129" />
                    <param name="onup" value="123" />
                    <param name="ondown" value="145" />
                </include>
                <include content="NativeSearchKey">
                    <param name="id" value="140" />
                    <param name="onup" value="124" />
                    <param name="ondown" value="146" />
                </include>
                <include content="NativeSearchKey">
                    <param name="id" value="141" />
                    <param name="onup" value="125" />
                    <param name="ondown" value="147" />
                </include>
            </control>

            <!-- Fourth Row -->
            <control type="grouplist" id="4000">
                <onleft>900</onleft>
                <onright>77777</onright>
                <itemgap>-10</itemgap>
                <height>search_key_size</height>
                <orientation>horizontal</orientation>
                <onright>312</onright>
                <onup>3000</onup>
                <ondown>5000</ondown>
                <include content="NativeSearchKey">
                    <param name="id" value="142" />
                    <param name="onup" value="126" />
                    <param name="ondown" value="148" />
                </include>
                <include content="NativeSearchKey">
                    <param name="id" value="143" />
                    <param name="onup" value="127" />
                    <param name="ondown" value="160" />
                </include>
                <include content="NativeSearchKey">
                    <param name="id" value="144" />
                    <param name="onup" value="128" />
                    <param name="ondown" value="161" />
                </include>
                <include content="NativeSearchKey">
                    <param name="id" value="145" />
                    <param name="onup" value="129" />
                    <param name="ondown" value="162" />
                </include>
                <include content="NativeSearchKey">
                    <param name="id" value="146" />
                    <param name="onup" value="140" />
                    <param name="ondown" value="163" />
                </include>
                <include content="NativeSearchKey">
                    <param name="id" value="147" />
                    <param name="onup" value="141" />
                    <param name="ondown" value="164" />
                </include>
            </control>

            <!-- Fifth Row -->
            <control type="grouplist" id="5000">
                <height>search_key_size</height>
                <itemgap>-10</itemgap>
                <orientation>horizontal</orientation>
                <onright>312</onright>
                <onup>4000</onup>
                <ondown>6000</ondown>
                <include content="NativeSearchKey">
                    <param name="id" value="148" />
                    <param name="onup" value="142" />
                    <param name="ondown" value="165" />
                </include>
                <include content="NativeSearchKey">
                    <param name="id" value="160" />
                    <param name="onup" value="143" />
                    <param name="ondown" value="166" />
                </include>
                <include content="NativeSearchKey">
                    <param name="id" value="161" />
                    <param name="onup" value="144" />
                    <param name="ondown" value="130" />
                </include>
                <include content="NativeSearchKey">
                    <param name="id" value="162" />
                    <param name="onup" value="145" />
                    <param name="ondown" value="131" />
                </include>
                <include content="NativeSearchKey">
                    <param name="id" value="163" />
                    <param name="onup" value="146" />
                    <param name="ondown" value="149" />
                </include>
                <include content="NativeSearchKey">
                    <param name="id" value="164" />
                    <param name="onup" value="147" />
                    <param name="ondown" value="150" />
                </include>
            </control>

            <!-- Sixth Row -->
            <control type="grouplist" id="6000">
                <height>search_key_size</height>
                <itemgap>-10</itemgap>
                <orientation>horizontal</orientation>
                <onright>312</onright>
                <onup>5000</onup>
                <ondown>7000</ondown>
                <include content="NativeSearchKey">
                    <param name="id" value="165" />
                    <param name="onup" value="148" />
                    <param name="ondown" value="151" />
                </include>
                <include content="NativeSearchKey">
                    <param name="id" value="166" />
                    <param name="onup" value="160" />
                    <param name="ondown" value="167" />
                </include>
                <!-- END OF QWERTY -->
                <include content="NativeSearchKey">
                    <param name="id" value="130" />
                    <param name="onup" value="161" />
                    <param name="ondown" value="168" />
                </include>
                <include content="NativeSearchKey">
                    <param name="id" value="131" />
                    <param name="onup" value="162" />
                    <param name="ondown" value="169" />
                </include>
                <include content="NativeSearchKey">
                    <param name="id" value="149" />
                    <param name="onup" value="163" />
                    <param name="ondown" value="170" />
                </include>
                <include content="NativeSearchKey">
                    <param name="id" value="150" />
                    <param name="onup" value="164" />
                    <param name="ondown" value="170" />
                </include>
            </control>

            <!-- Seventh Row -->
            <control type="grouplist" id="7000">
                <height>search_key_size</height>
                <itemgap>-10</itemgap>
                <orientation>horizontal</orientation>
                <onright>312</onright>
                <onup>6000</onup>
                <ondown>8000</ondown>
                <include content="NativeSearchKey">
                    <param name="id" value="151" />
                    <param name="onup" value="165" />
                    <param name="ondown" value="100" />
                </include>
                <include content="NativeSearchKey">
                    <param name="id" value="167" />
                    <param name="onup" value="166" />
                    <param name="ondown" value="101" />
                </include>
                <include content="NativeSearchKey">
                    <param name="id" value="168" />
                    <param name="onup" value="130" />
                    <param name="ondown" value="102" />
                </include>
                <include content="NativeSearchKey">
                    <param name="id" value="169" />
                    <param name="onup" value="131" />
                    <param name="ondown" value="103" />
                </include>
                <include content="NativeSearchKey">
                    <param name="id" value="170" />
                    <param name="onup" value="149" />
                    <param name="ondown" value="104" />
                </include>
                <include content="NativeSearchKey">
                    <param name="id" value="171" />
                    <param name="onup" value="150" />
                    <param name="ondown" value="105" />
                </include>
            </control>

            <!-- Eight Row -->
            <control type="grouplist" id="8000">
                <height>search_key_size</height>
                <itemgap>-10</itemgap>
                <orientation>horizontal</orientation>
                <onright>312</onright>
                <onup>7000</onup>
                <ondown>9000</ondown>
                <!-- 1 -->
                <include content="NativeSearchKey">
                    <param name="id" value="100" />
                    <param name="onup" value="151" />
                    <param name="ondown" value="106" />
                </include>
                <!-- 2 -->
                <include content="NativeSearchKey">
                    <param name="id" value="101" />
                    <param name="onup" value="167" />
                    <param name="ondown" value="107" />
                </include>
                <!-- 3 -->
                <include content="NativeSearchKey">
                    <param name="id" value="102" />
                    <param name="onup" value="168" />
                    <param name="ondown" value="108" />
                </include>
                <!-- 4 -->
                <include content="NativeSearchKey">
                    <param name="id" value="103" />
                    <param name="onup" value="169" />
                    <param name="ondown" value="109" />
                </include>
                <!-- 5 -->
                <include content="NativeSearchKey">
                    <param name="id" value="104" />
                    <param name="onup" value="170" />
                    <param name="ondown" value="305" />
                </include>
                <!-- 6 -->
                <include content="NativeSearchKey">
                    <param name="id" value="105" />
                    <param name="onup" value="171" />
                    <param name="ondown" value="306" />
                </include>
            </control>

            <!-- Ninth Row -->
            <control type="grouplist" id="9000">
                <height>search_key_size</height>
                <onleft>900</onleft>
                <onright>77777</onright>
                <itemgap>-10</itemgap>
                <orientation>horizontal</orientation>
                <onright>312</onright>
                <onup>8000</onup>
                <ondown>10000</ondown>
                <!-- 7 -->
                <include content="NativeSearchKey">
                    <param name="id" value="106" />
                    <param name="onup" value="100" />
                    <param name="ondown" value="301" />
                </include>
                <!-- 8 -->
                <include content="NativeSearchKey">
                    <param name="id" value="107" />
                    <param name="onup" value="101" />
                    <param name="ondown" value="300" />
                </include>
                <!-- 9 -->
                <include content="NativeSearchKey">
                    <param name="id" value="108" />
                    <param name="onup" value="102" />
                    <param name="ondown" value="309" />
                </include>
                <!-- 0 -->
                <include content="NativeSearchKey">
                    <param name="id" value="109" />
                    <param name="onup" value="103" />
                    <param name="ondown" value="309" />
                </include>
                <!-- Previous -->
                <include content="NativeSearchKey">
                    <label>&lt;</label>
                    <param name="id" value="305" />
                    <param name="onup" value="104" />
                    <param name="ondown" value="309" />
                </include>
                <!-- Next -->
                <include content="NativeSearchKey">
                    <label>&gt;</label>
                    <param name="id" value="306" />
                    <param name="onup" value="105" />
                    <param name="ondown" value="309" />
                </include>
            </control>

            <!-- Tenth Row -->
            <control type="grouplist" id="10000">
                <height>search_key_size</height>
                <itemgap>-10</itemgap>
                <orientation>horizontal</orientation>
                <onright>312</onright>
                <onup>9000</onup>
                <!-- Cancel Button -->
                <control type="radiobutton" id="301">
                    <height>search_key_size</height>
                    <width>search_key_size</width>
                    <radioposx>25</radioposx>
                    <radioposy>25</radioposy>
                    <radiowidth>30</radiowidth>
                    <radioheight>30</radioheight>
                    <textureradioonfocus colordiffuse="$INFO[Skin.String(BingieButtonFocusTextColor)]">dialogs/keyboard/remove.png</textureradioonfocus>
                    <textureradioofffocus colordiffuse="$INFO[Skin.String(BingieButtonFocusTextColor)]">dialogs/keyboard/remove.png</textureradioofffocus>
                    <textureradioonnofocus colordiffuse="$INFO[Skin.String(BingieButtonTextColor)]">dialogs/keyboard/remove.png</textureradioonnofocus>
                    <textureradiooffnofocus colordiffuse="$INFO[Skin.String(BingieButtonTextColor)]">dialogs/keyboard/remove.png</textureradiooffnofocus>
                    <label/>
                    <onup>106</onup>
                    <include>SearchKeyDefs</include>
                </control>
                <!-- Done -->
                <control type="radiobutton" id="300">
                    <height>search_key_size</height>
                    <width>search_key_size</width>
                    <radioposx>25</radioposx>
                    <radioposy>25</radioposy>
                    <radiowidth>30</radiowidth>
                    <radioheight>30</radioheight>
                    <textureradioonfocus colordiffuse="$INFO[Skin.String(BingieButtonFocusTextColor)]">dialogs/keyboard/done.png</textureradioonfocus>
                    <textureradioofffocus colordiffuse="$INFO[Skin.String(BingieButtonFocusTextColor)]">dialogs/keyboard/done.png</textureradioofffocus>
                    <textureradioonnofocus colordiffuse="$INFO[Skin.String(BingieButtonTextColor)]">dialogs/keyboard/done.png</textureradioonnofocus>
                    <textureradiooffnofocus colordiffuse="$INFO[Skin.String(BingieButtonTextColor)]">dialogs/keyboard/done.png</textureradiooffnofocus>
                    <label/>
                    <include>SearchKeyDefs</include>
                    <onclick>SetFocus(100)</onclick>
                    <onup>107</onup>
                </control>
                <!-- Layout -->
                <control type="button" id="309">
                    <height>search_key_size</height>
                    <width>290</width>
                    <include>SearchKeyDefs2</include>
                    <label>20177</label>
                    <onup>9000</onup>
                </control>
            </control>
        </control>
    </include>

    <!-- ######## Default Keyboard ######## -->
    <include name="DefaultKeyboard">
        <!--Dialog Overlay-->
        <control type="group">
            <visible>!Window.IsActive(Videos)</visible>
            <include>DialogOverlayExtra</include>
            <animation effect="fade" time="250" start="0" end="100" reversible="false">WindowOpen</animation>
        </control>
        <!--autocompletion -->
        <control type="list" id="8000">
            <posx>65</posx>
            <bottom>540</bottom>
            <width>1800</width>
            <height>60</height>
            <orientation>horizontal</orientation>
            <onleft>8000</onleft>
            <onright>8000</onright>
            <ondown>312</ondown>
            <visible>!Window.IsVisible(numericinput)</visible>
            <animation effect="slide" start="0,800" end="0,0" tween="cubic" easing="out" delay="0" time="250" reversible="false">WindowOpen</animation>
            <animation effect="slide" start="0,0" end="0,800" tween="cubic" easing="out" delay="0" time="250" reversible="false">WindowClose</animation>
            <itemlayout width="360" height="60">
                <control type="group">
                    <control type="button">
                        <label/>
                        <width>350</width>
                        <height>60</height>
                        <font>Reg24</font>
                        <textcolor>$INFO[Skin.String(ButtonTextColor)]</textcolor>
                        <align>center</align>
                        <aligny>center</aligny>
                    </control>
                    <control type="label">
                        <left>20</left>
                        <width>320</width>
                        <label>$INFO[ListItem.Label]</label>
                        <font>Reg24</font>
                        <scroll>false</scroll>
                        <textcolor>$INFO[Skin.String(ButtonTextColor)]</textcolor>
                        <selectedcolor>$INFO[Skin.String(ButtonTextColor)]</selectedcolor>
                        <disabledcolor>midgrey</disabledcolor>
                    </control>
                </control>
            </itemlayout>
            <focusedlayout width="360" height="60">
                <control type="group">
                    <control type="button">
                        <label/>
                        <width>350</width>
                        <height>60</height>
                        <font>Reg24</font>
                        <textcolor>$INFO[Skin.String(ButtonFocusTextColor)]</textcolor>
                        <align>center</align>
                        <aligny>center</aligny>
                        <visible>!Control.HasFocus(8000)</visible>
                    </control>
                    <control type="image">
                        <width>350</width>
                        <height>60</height>
                        <texture border="10" colordiffuse="$INFO[Skin.String(ButtonFocusColor)]">diffuse/panel.png</texture>
                        <visible>Control.HasFocus(8000)</visible>
                    </control>
                    <control type="label">
                        <left>20</left>
                        <width>320</width>
                        <label>$INFO[ListItem.Label]</label>
                        <font>Reg24</font>
                        <scroll>false</scroll>
                        <textcolor>$INFO[Skin.String(ButtonFocusTextColor)]</textcolor>
                        <selectedcolor>$INFO[Skin.String(ButtonFocusTextColor)]</selectedcolor>
                        <visible>Control.HasFocus(8000)</visible>
                    </control>
                    <control type="label"> <!--label-->
                        <left>20</left>
                        <width>320</width>
                        <label>$INFO[ListItem.Label]</label>
                        <font>Reg24</font>
                        <scroll>false</scroll>
                        <textcolor>$INFO[Skin.String(ButtonTextColor)]</textcolor>
                        <selectedcolor>$INFO[Skin.String(ButtonTextColor)]</selectedcolor>
                        <visible>!Control.HasFocus(8000)</visible>
                    </control>
                    <control type="button">
                        <label/>
                        <visible>false</visible>
                        <onfocus>SetProperty(submenu,show,Home)</onfocus>
                    </control>
                </control>
            </focusedlayout>
            <content>$VAR[DialogKeyboardAutoComplete]</content>
        </control>

        <control type="group">
            <height>530</height>
            <visible>!Window.IsVisible(numericinput)</visible>
            <bottom>0</bottom>
            <animation effect="slide" start="0,800" end="0,0" tween="cubic" easing="out" delay="0" time="250" reversible="false">WindowOpen</animation>
            <animation effect="slide" start="0,0" end="0,800" tween="cubic" easing="out" delay="0" time="250" reversible="false">WindowClose</animation>
            <control type="image">
                <posx>0</posx>
                <posy>0</posy>
                <width>100%</width>
                <height>100%</height>
                <texture>diffuse/panel2.png</texture>
                <colordiffuse>$INFO[Skin.String(GeneralPanelsColor)]</colordiffuse>
                <aspectratio>stretch</aspectratio>
            </control>
            <control type="image">
                <posx>0</posx>
                <posy>10</posy>
                <width>100%</width>
                <height>100%</height>
                <texture>diffuse/panel2.png</texture>
                <colordiffuse>$INFO[Skin.String(GeneralPanelsColor)]</colordiffuse>
                <aspectratio>stretch</aspectratio>
            </control>
            <!-- Heading -->
            <control type="label" id="311">
                <animation effect="fade" end="0" time="0" condition="true">Conditional</animation>
                <label>13406</label>
            </control>

            <!-- keyboard commands/options -->
            <control type="grouplist" id="9000">
                <left>65</left>
                <top>120</top>
                <width>390</width>
                <height>660</height>
                <itemgap>10</itemgap>
                <onup>8000</onup>
                <ondown>312</ondown>
                <orientation>vertical</orientation>
                <scrolltime tween="sine" easing="out">240</scrolltime>

                <!-- Layout -->
                <control type="button" id="309">
                    <width>100%</width>
                    <height>70</height>
                    <onleft>111</onleft>
                    <onright>100</onright>
                    <include>KeyBoardKeyRadio</include>
                    <label>20177</label>
                </control>

                <!-- Shift -->
                <control type="radiobutton" id="302">
                    <width>100%</width>
                    <height>70</height>
                    <onleft>131</onleft>
                    <onright>120</onright>
                    <include>KeyBoardKeyRadio</include>
                    <label>20178</label>
                </control>

                <!-- Caps lock -->
                <control type="radiobutton" id="303">
                    <width>100%</width>
                    <height>70</height>
                    <onleft>151</onleft>
                    <onright>140</onright>
                    <include>KeyBoardKeyRadio</include>
                    <label>20179</label>
                </control>

                <!-- Symbols -->
                <control type="radiobutton" id="304">
                    <width>100%</width>
                    <height>70</height>
                    <onleft>171</onleft>
                    <onright>160</onright>
                    <include>KeyBoardKeyRadio</include>
                    <label>20180</label>
                </control>

                <!-- IP address -->
                <control type="button" id="307">
                    <width>100%</width>
                    <height>70</height>
                    <onleft>306</onleft>
                    <onright>32</onright>
                    <include>KeyBoardKeyRadio</include>
                    <label>1006</label>
                </control>

            </control>

            <!-- Keyboard Edit -->
            <control type="edit" id="312">
                <top>20</top>
                <left>65</left>
                <right>280</right>
                <width>1510</width>
                <height>70</height>
                <onup>8000</onup>
                <onright>300</onright>
                <ondown>1000</ondown>
                <align>center</align>
                <aligny>center</aligny>
                <label>$INFO[Control.GetLabel(311)]</label>
                <font>Reg30</font>
                <include>KeyBoardKeyRadio</include>
            </control>
            <!-- keyboard keys -->
            <control type="group">
                <right>65</right>
                <top>120</top>
                <width>1390</width>

                <!-- First row -->
                <control type="grouplist" id="1000">
                    <right>0</right>
                    <top>0</top>
                    <width>100%</width>
                    <height>70</height>
                    <itemgap>10</itemgap>
                    <onleft>309</onleft>
                    <onright>309</onright>
                    <onup>312</onup>
                    <orientation>horizontal</orientation>

                    <control type="button" id="100">
                        <!-- (0,0) key button -->
                        <ondown>120</ondown>
                        <include>KeyBoardKey</include>
                    </control>
                    <control type="button" id="101">
                        <!-- (0,1) key button -->
                        <ondown>121</ondown>
                        <include>KeyBoardKey</include>
                    </control>
                    <control type="button" id="102">
                        <!-- (0,2) key button -->
                        <ondown>122</ondown>
                        <include>KeyBoardKey</include>
                    </control>
                    <control type="button" id="103">
                        <!-- (0,3) key button -->
                        <ondown>123</ondown>
                        <include>KeyBoardKey</include>
                    </control>
                    <control type="button" id="104">
                        <!-- (0,4) key button -->
                        <ondown>124</ondown>
                        <include>KeyBoardKey</include>
                    </control>
                    <control type="button" id="105">
                        <!-- (0,5) key button -->
                        <ondown>125</ondown>
                        <include>KeyBoardKey</include>
                    </control>
                    <control type="button" id="106">
                        <!-- (0,6) key button -->
                        <ondown>126</ondown>
                        <include>KeyBoardKey</include>
                    </control>
                    <control type="button" id="107">
                        <!-- (0,7) key button -->
                        <ondown>127</ondown>
                        <include>KeyBoardKey</include>
                    </control>
                    <control type="button" id="108">
                        <!-- (0,8) key button -->
                        <ondown>128</ondown>
                        <include>KeyBoardKey</include>
                    </control>
                    <control type="button" id="109">
                        <!-- (0,9) key button -->
                        <ondown>129</ondown>
                        <include>KeyBoardKey</include>
                    </control>
                    <control type="button" id="110">
                        <!-- (0,10) key button -->
                        <ondown>130</ondown>
                        <include>KeyBoardKey</include>
                    </control>
                    <control type="button" id="111">
                        <!-- (0,11) key button -->
                        <ondown>131</ondown>
                        <include>KeyBoardKey</include>
                    </control>

                </control>

                <!-- Second row -->
                <control type="grouplist" id="2000">
                    <right>0</right>
                    <top>80</top>
                    <width>100%</width>
                    <height>70</height>
                    <itemgap>10</itemgap>
                    <onleft>302</onleft>
                    <onright>302</onright>
                    <orientation>horizontal</orientation>

                    <control type="button" id="120">
                        <!-- (1,0) key button -->
                        <onup>100</onup>
                        <ondown>140</ondown>
                        <include>KeyBoardKey</include>
                    </control>
                    <control type="button" id="121">
                        <!-- (1,1) key button -->
                        <onup>101</onup>
                        <ondown>141</ondown>
                        <include>KeyBoardKey</include>
                    </control>
                    <control type="button" id="122">
                        <!-- (1,2) key button -->
                        <onup>102</onup>
                        <ondown>142</ondown>
                        <include>KeyBoardKey</include>
                    </control>
                    <control type="button" id="123">
                        <!-- (1,3) key button -->
                        <onup>103</onup>
                        <ondown>143</ondown>
                        <include>KeyBoardKey</include>
                    </control>
                    <control type="button" id="124">
                        <!-- (1,4) key button -->
                        <onup>104</onup>
                        <ondown>144</ondown>
                        <include>KeyBoardKey</include>
                    </control>
                    <control type="button" id="125">
                        <!-- (1,5) key button -->
                        <onup>105</onup>
                        <ondown>145</ondown>
                        <include>KeyBoardKey</include>
                    </control>
                    <control type="button" id="126">
                        <!-- (1,6) key button -->
                        <onup>106</onup>
                        <ondown>146</ondown>
                        <include>KeyBoardKey</include>
                    </control>
                    <control type="button" id="127">
                        <!-- (1,7) key button -->
                        <onup>107</onup>
                        <ondown>147</ondown>
                        <include>KeyBoardKey</include>
                    </control>
                    <control type="button" id="128">
                        <!-- (1,8) key button -->
                        <onup>108</onup>
                        <ondown>148</ondown>
                        <include>KeyBoardKey</include>
                    </control>
                    <control type="button" id="129">
                        <!-- (1,9) key button -->
                        <onup>109</onup>
                        <ondown>149</ondown>
                        <include>KeyBoardKey</include>
                    </control>
                    <control type="button" id="130">
                        <!-- (1,10) key button -->
                        <onup>110</onup>
                        <ondown>150</ondown>
                        <include>KeyBoardKey</include>
                    </control>
                    <control type="button" id="131">
                        <!-- (1,11) key button -->
                        <onup>111</onup>
                        <ondown>151</ondown>
                        <include>KeyBoardKey</include>
                    </control>

                </control>

                <!-- Third row -->
                <control type="grouplist" id="3000">
                    <right>0</right>
                    <top>160</top>
                    <width>100%</width>
                    <height>70</height>
                    <itemgap>10</itemgap>
                    <onleft>303</onleft>
                    <onright>303</onright>
                    <orientation>horizontal</orientation>

                    <control type="button" id="140">
                        <!-- (2,0) key button -->
                        <onup>120</onup>
                        <ondown>160</ondown>
                        <include>KeyBoardKey</include>
                    </control>
                    <control type="button" id="141">
                        <!-- (2,1) key button -->
                        <onup>121</onup>
                        <ondown>161</ondown>
                        <include>KeyBoardKey</include>
                    </control>
                    <control type="button" id="142">
                        <!-- (2,2) key button -->
                        <onup>122</onup>
                        <ondown>162</ondown>
                        <include>KeyBoardKey</include>
                    </control>
                    <control type="button" id="143">
                        <!-- (2,3) key button -->
                        <onup>123</onup>
                        <ondown>163</ondown>
                        <include>KeyBoardKey</include>
                    </control>
                    <control type="button" id="144">
                        <!-- (2,4) key button -->
                        <onup>124</onup>
                        <ondown>164</ondown>
                        <include>KeyBoardKey</include>
                    </control>
                    <control type="button" id="145">
                        <!-- (2,5) key button -->
                        <onup>125</onup>
                        <ondown>165</ondown>
                        <include>KeyBoardKey</include>
                    </control>
                    <control type="button" id="146">
                        <!-- (2,6) key button -->
                        <onup>126</onup>
                        <ondown>166</ondown>
                        <include>KeyBoardKey</include>
                    </control>
                    <control type="button" id="147">
                        <!-- (2,7) key button -->
                        <onup>127</onup>
                        <ondown>167</ondown>
                        <include>KeyBoardKey</include>
                    </control>
                    <control type="button" id="148">
                        <!-- (2,8) key button -->
                        <onup>128</onup>
                        <ondown>168</ondown>
                        <include>KeyBoardKey</include>
                    </control>
                    <control type="button" id="149">
                        <!-- (2,9) key button -->
                        <onup>129</onup>
                        <ondown>169</ondown>
                        <include>KeyBoardKey</include>
                    </control>
                    <control type="button" id="150">
                        <!-- (2,10) key button -->
                        <onup>130</onup>
                        <ondown>170</ondown>
                        <include>KeyBoardKey</include>
                    </control>
                    <control type="button" id="151">
                        <!-- (2,11) key button -->
                        <onup>131</onup>
                        <ondown>171</ondown>
                        <include>KeyBoardKey</include>
                    </control>

                </control>

                <!-- Forth row -->
                <control type="grouplist" id="4000">
                    <right>0</right>
                    <top>240</top>
                    <width>100%</width>
                    <height>70</height>
                    <itemgap>10</itemgap>
                    <onleft>304</onleft>
                    <onright>304</onright>
                    <orientation>horizontal</orientation>

                    <control type="button" id="160">
                        <!-- (3,0) key button -->
                        <onup>140</onup>
                        <ondown>32</ondown>
                        <include>KeyBoardKey</include>
                    </control>
                    <control type="button" id="161">
                        <!-- (3,1) key button -->
                        <onup>141</onup>
                        <ondown>32</ondown>
                        <include>KeyBoardKey</include>
                    </control>
                    <control type="button" id="162">
                        <!-- (3,2) key button -->
                        <onup>142</onup>
                        <ondown>32</ondown>
                        <include>KeyBoardKey</include>
                    </control>
                    <control type="button" id="163">
                        <!-- (3,3) key button -->
                        <onup>143</onup>
                        <ondown>32</ondown>
                        <include>KeyBoardKey</include>
                    </control>
                    <control type="button" id="164">
                        <!-- (3,4) key button -->
                        <onup>144</onup>
                        <ondown>32</ondown>
                        <include>KeyBoardKey</include>
                    </control>
                    <control type="button" id="165">
                        <!-- (3,5) key button -->
                        <onup>145</onup>
                        <ondown>8</ondown>
                        <include>KeyBoardKey</include>
                    </control>
                    <control type="button" id="166">
                        <!-- (3,6) key button -->
                        <onup>146</onup>
                        <ondown>8</ondown>
                        <include>KeyBoardKey</include>
                    </control>
                    <control type="button" id="167">
                        <!-- (3,7) key button -->
                        <onup>147</onup>
                        <ondown>8</ondown>
                        <include>KeyBoardKey</include>
                    </control>
                    <control type="button" id="168">
                        <!-- (3,8) key button -->
                        <onup>148</onup>
                        <ondown>8</ondown>
                        <include>KeyBoardKey</include>
                    </control>
                    <control type="button" id="169">
                        <!-- (3,9) key button -->
                        <onup>149</onup>
                        <ondown>8</ondown>
                        <include>KeyBoardKey</include>
                    </control>
                    <control type="button" id="170">
                        <!-- (3,10) key button -->
                        <onup>150</onup>
                        <ondown>305</ondown>
                        <include>KeyBoardKey</include>
                    </control>
                    <control type="button" id="171">
                        <!-- (3,11) key button -->
                        <onup>151</onup>
                        <ondown>306</ondown>
                        <include>KeyBoardKey</include>
                    </control>

                </control>

                <!-- Fifth row -->
                <control type="grouplist" id="5000">
                    <right>0</right>
                    <top>320</top>
                    <width>100%</width>
                    <height>70</height>
                    <itemgap>10</itemgap>
                    <onleft>307</onleft>
                    <onright>307</onright>
                    <ondown>312</ondown>
                    <orientation>horizontal</orientation>

                    <!-- SPACE -->
                    <control type="button" id="32">
                        <onup>4000</onup>
                        <width>690</width>
                        <label>20182</label>
                        <include>KeyBoardKey</include>
                    </control>
                    <!-- BACKSPACE -->
                    <control type="button" id="8">
                        <onup>4000</onup>
                        <width>410</width>
                        <label>20181</label>
                        <include>KeyBoardKey</include>
                    </control>
                    <!-- Previous -->
                    <control type="button" id="305">
                        <onup>4000</onup>
                        <label>&lt;</label>
                        <include>KeyBoardKey</include>
                    </control>
                    <!-- Next -->
                    <control type="button" id="306">
                        <onup>4000</onup>
                        <label>&gt;</label>
                        <include>KeyBoardKey</include>
                    </control>

                </control>

            </control>

            <!-- Button grouplist -->
            <control type="grouplist" id="9001">
                <right>55</right>
                <top>20</top>
                <width>280</width>
                <itemgap>10</itemgap>
                <onleft>312</onleft>
                <onright>312</onright>
                <onup>8000</onup>
                <ondown>1000</ondown>
                <orientation>horizontal</orientation>
                <!-- Done -->
                <control type="button" id="300">
                    <align>center</align>
                    <label>186</label>
                    <width>200</width>
                    <include>KeyBoardKey</include>
                    <onclick>SetFocus(100)</onclick>
                </control>
                <!-- Cancel Button -->
                <control type="button" id="301">
                    <align>center</align>
                    <width>60</width>
                    <include>KeyBoardKey</include>
                    <label>X</label>
                </control>
            </control>
        </control>
    </include>
</includes>