<?xml version="1.0" encoding="utf-8"?>
<!-- BINGIE -->
<includes>
    <!--Default-->
    <include name="View_502_LandscapeSingle">	
		<control type="group">
			<include>animation_view_change</include>
			<defaultcontrol always="true">502</defaultcontrol>
		    <visible>Control.IsVisible(502)</visible>
			<!-- Fanart Image Added to View-->
            <control type="multiimage">
				<visible>!Skin.HasSetting(View502_DisableFanArt)</visible>
                <include>FullscreenDimensions</include>
                <texture>diffuse/panel2.png</texture>
			    <colordiffuse>33ffffff</colordiffuse>
				<imagepath background="true">$VAR[backgroundVar]</imagepath>
                <aspectratio>scale</aspectratio>
                <fadetime>350</fadetime>
                <include>fanartSpeed</include>
                <randomize>true</randomize>
                <loop>yes</loop>
				<!-- Background Animation -->
                <animation effect="zoom" start="110" end="130" center="auto" time="12000" tween="cubic" easing="inout" pulse="true" condition="Skin.HasSetting(BackgroundAnimation)">Conditional</animation>
                <animation effect="slide" start="-10,-10" end="10,10" time="8000" tween="cubic" easing="inout" pulse="true" condition="Skin.HasSetting(BackgroundAnimation)">Conditional</animation>
            </control>
			<!-- movie details -->
			<control type="group">
				<visible>Skin.HasSetting(LandscapeViewShowInfo)</visible>
				<include>MovieDetailsTop</include>
			</control>            
            <!--CDART IMAGE-->
            <control type="image">
                <width>527</width>
                <height>527</height>
                <bottom>144</bottom>
                <posx>697</posx>
                <texture background="true" diffuse="diffuse/cdmask_new.png" fallback="defaultcovers/cd_big.png">$VAR[DiscArtImage]</texture>
                <aspectratio scalediffuse="false" align="center" aligny="top">scale</aspectratio>
                <animation effect="fade" start="100" end="100" delay="800" pulse="false">Visible</animation>
                <animation effect="rotate" end="-360" center="auto" time="20000" loop="true" reversible="false" condition="Skin.HasSetting(AnimateDiscArt)">Conditional</animation>
				<visible>Skin.HasSetting(View502_ShowCDart) + Control.HasFocus(502) + !String.StartsWith(ListItem.Art(thumb),Default) + !Container.IsScrolling + !Container.OnScrollNext + !Container.OnScrollPrevious + $EXP[IsMovieDBType] | Control.HasFocus(502) + !Container.IsScrolling + !Container.OnScrollNext + !Container.OnScrollPrevious + Skin.HasSetting(View502_ShowCDart) + Skin.HasSetting(EnableFakeDiscArt)</visible>
                <visible>Integer.IsGreater(Container.NumItems,0)</visible>
            </control>			
			<control type="fixedlist" id="502">
				<posx>62</posx>
				<width>1796</width>
				<height>325</height>
				<bottom>13%</bottom>
				<onup>9000</onup>
				<ondown condition="Skin.HasSetting(EnableQuickJump)">7000</ondown>
                <ondown condition="!Skin.HasSetting(EnableQuickJump)">60</ondown>
				<onleft>502</onleft>
				<onright>502</onright>
				<pagecontrol>60</pagecontrol>
				<viewtype label="31431">thumbnail</viewtype>
				<include content="View_Forced">
					<param name="viewtype" value="$LOCALIZE[31431]" />
				</include>
				<orientation>horizontal</orientation>
				<focusposition>1</focusposition>
				<preloaditems>4</preloaditems>
				<scrolltime tween="cubic" easing="inout">500</scrolltime>
				<visible>!Container.Content(files)</visible>
				<itemlayout width="616" height="325">
					<control type="group">
                        <width>566</width>
                        <height>325</height>
                        <include>LandscapeLayout</include>
                    </control>
				</itemlayout>
				<focusedlayout width="616" height="325">
                    <control type="group">
                        <width>566</width>
                        <height>325</height>
                        <include>LandscapeLayoutFocus</include>
                    </control>
				</focusedlayout>
			</control>		
			<!--horizontal Scrollbar-->
			<control type="group">
				<control type="scrollbar" id="60">
					<visible>Control.IsVisible(502) + Integer.IsGreater(Container.NumItems,0)</visible>
					<left>70</left>
					<bottom>0</bottom>
					<width>1780</width>
					<height>15</height>
					<onup>502</onup>
					<onleft>60</onleft>
					<onright>60</onright>
					<orientation>horizontal</orientation>
					<animation effect="fade" start="0" end="100" time="400" condition="[Control.HasFocus(60) | Container.Scrolling | String.IsEqual(Skin.String(scrollbar_visibility),always_show)] + !Control.IsVisible(6002)">Conditional</animation>
					<animation effect="fade" start="100" end="0" time="400" condition="![Control.HasFocus(60) | Container.Scrolling | String.IsEqual(Skin.String(scrollbar_visibility),always_show)] | Control.IsVisible(6002)">Conditional</animation>
				</control>
			</control>			
		</control>
	</include>
</includes>