<?xml version="1.0" encoding="UTF-8"?>
<window type="window" id="1190">
    <defaultcontrol always="true">9999</defaultcontrol>
	<onload>SetProperty(TMDbHelper.WidgetContainer,9999,Home)</onload>
    <onunload>ClearProperty(TMDbHelper.WidgetContainer,Home)</onunload>
	<onload>Skin.Reset(EnableOSDInfo)</onload>
	<onload>Skin.Reset(EnableOSDCastInfo)</onload>
	<onload>Skin.Reset(EnableOSDCrewInfo)</onload>
    <controls>
        <include>GlobalBackground</include>
        <control type="list" id="9999">
            <top>-1000</top>
            <left>-1000</left>
            <width>1</width>
            <height>1</height>
            <itemlayout />
            <focusedlayout />
            <content target="videos">$INFO[Window(Home).Property(TMDbHelper.Path.Current)]</content>
        </control>
		<control type="group">
            <visible>Container(9999).IsUpdating</visible>
            <visible>!Window.IsVisible(DialogVideoInfo.xml)</visible>
            <include>Busy_Spinner</include>
        </control>
		<control type="videowindow"/>
    </controls>
</window>