<?xml version="1.0" encoding="utf-8"?>
<!-- BINGIE -->
<includes>

    <include name="DefaultSkinSettings">
        <include condition="!Skin.HasSetting(HomeMenuDefaults46) | String.IsEmpty(Window(Home).Property(startupDone))">DefaultSkinSettingsValues</include>
        <!-- initialize some addons on startup -->
        <include condition="String.IsEmpty(Window(Home).Property(startupDone))">startupskinsettingsvalues</include>
    </include>

    <include name="startupskinsettingsvalues">
		<setting id="HomeLayout.label" type="string">[UPPERCASE]Bingie[/UPPERCASE]</setting>
        <onload>SetProperty(startupDone,loaded,Home)</onload>
    </include>
  
  <!-- various default settings  -->
  <include name="DefaultSkinSettingsValues">
	<onload condition="!Skin.HasSetting(HomeMenuDefaults46)">Skin.SetBool(ShowFanartBackground)</onload>
	<onload condition="!Skin.HasSetting(HomeMenuDefaults46)">Skin.SetBool(DetailsShowFanart)</onload>
	<onload condition="!Skin.HasSetting(HomeMenuDefaults46)">Skin.SetBool(View502_ShowCDart)</onload>
	<onload condition="!Skin.HasSetting(HomeMenuDefaults46)">Skin.SetBool(View514_ShowCDart)</onload>
	<onload condition="!Skin.HasSetting(HomeMenuDefaults46)">Skin.SetBool(View513_ShowCDart)</onload>
	<onload condition="!Skin.HasSetting(HomeMenuDefaults46)">Skin.SetBool(View508_ShowCDart)</onload>
	<onload condition="!Skin.HasSetting(HomeMenuDefaults46)">Skin.SetBool(View525_DisableFixedBingieFrame)</onload>
	<onload condition="!Skin.HasSetting(HomeMenuDefaults46)">Skin.SetBool(View527_DisableFixedBingieFrame)</onload>
	<onload condition="!Skin.HasSetting(HomeMenuDefaults46)">Skin.SetBool(PanelViewShowInfo)</onload>
	<onload condition="!Skin.HasSetting(HomeMenuDefaults46)">Skin.SetBool(AnimateDiscArt)</onload>
	<onload condition="!Skin.HasSetting(HomeMenuDefaults46)">Skin.SetString(GuideRows,9)</onload>
	<onload condition="!Skin.HasSetting(HomeMenuDefaults46)">Skin.SetBool(GuideShowInfo)</onload>
	<onload condition="!Skin.HasSetting(HomeMenuDefaults46)">Skin.SetBool(SmartShortcuts.playlists)</onload>
	<onload condition="!Skin.HasSetting(HomeMenuDefaults46)">Skin.SetBool(PVRShowPreview)</onload>
	<onload condition="!Skin.HasSetting(HomeMenuDefaults46)">Skin.SetBool(EnableBingieModLogo)</onload>
	<onload condition="!Skin.HasSetting(HomeMenuDefaults46)">Skin.SetBool(HideOSDDisc)</onload>
	<onload condition="!Skin.HasSetting(HomeMenuDefaults46)">Skin.SetBool(EnableTimeInfo)</onload>
	<onload condition="!Skin.HasSetting(HomeMenuDefaults46)">Skin.SetBool(SmartShortcuts.emby)</onload>
	<onload condition="!Skin.HasSetting(HomeMenuDefaults46)">Skin.SetBool(SkinHelper.EnablePVRThumbs)</onload>
	<onload condition="!Skin.HasSetting(HomeMenuDefaults46)">Skin.SetBool(pvrGuideOnFullscreenVideo)</onload>
	<onload condition="!Skin.HasSetting(HomeMenuDefaults46)">Skin.SetBool(enableArtistBio)</onload>
	<onload condition="!Skin.String(BackgroundOverlayTexture.label)">Skin.SetString(BackgroundOverlayTexture.label,Default)</onload>
	<onload condition="!Skin.String(BackgroundOverlayTexture)">Skin.SetString(BackgroundOverlayTexture,overlays/black.png)</onload>
	<onload condition="!Skin.String(WatchedIndicator.Watched.Color)">Skin.SetBool(WatchedIndicator.Watched)</onload>
	<onload condition="!Skin.String(WatchedIndicator.Progress.Color)">Skin.SetBool(WatchedIndicator.Progress)</onload>
	<onload condition="!Skin.String(WatchedIndicator.Sets.Color)">Skin.SetBool(WatchedIndicator.Sets)</onload>
	<onload condition="!Skin.String(WatchedIndicator.Episodes.Color)">Skin.SetBool(WatchedIndicator.Episodes)</onload>
	<onload condition="!Skin.String(SkinHelper.SpinnerTexture.label)">Skin.SetString(SkinHelper.SpinnerTexture.Label,Default)</onload>
	<onload condition="!Skin.String(SkinHelper.WidgetSpinnerTexture.label)">Skin.SetString(SkinHelper.WidgetSpinnerTexture.Label,Default)</onload>
	<onload condition="!Skin.String(SpinnerTexture.Color)">Skin.SetString(SpinnerTexture.Color,ffe50914)</onload>
	<onload condition="!Skin.String(WidgetSpinnerTexture.Color)">Skin.SetString(WidgetSpinnerTexture.Color,ffffffff)</onload>
	<onload condition="!Skin.HasSetting(HomeMenuDefaults46)">Skin.SetBool(WatchedIndicator.Playing)</onload>
	<onload condition="!Skin.HasSetting(HomeMenuDefaults46)">Skin.SetBool(SkinHelper.EnableMusicArt)</onload>
	<onload condition="!Skin.HasSetting(HomeMenuDefaults46)">Skin.SetBool(UseBingieOSD)</onload>
	<onload condition="!Skin.HasSetting(HomeMenuDefaults46)">Skin.SetBool(EnableFooterBar)</onload>	
	<onload condition="!Skin.HasSetting(HomeMenuDefaults46)">Skin.SetBool(DisableNowPlayingClock)</onload>
	<onload condition="!Skin.HasSetting(HomeMenuDefaults46)">Skin.SetBool(EnableBufferingProgressOSD)</onload>
	<onload condition="!Skin.HasSetting(HomeMenuDefaults46)">Skin.SetBool(WidgetsPreferPlotOutline)</onload>
	<onload condition="!Skin.HasSetting(HomeMenuDefaults46)">Skin.SetBool(DisablePlotAutoScroll)</onload>
	<onload condition="!Skin.HasSetting(HomeMenuDefaults46)">Skin.SetString(AutoYoutubeTrailer,true)</onload>
	<onload condition="!Skin.HasSetting(HomeMenuDefaults46)">Skin.SetBool(EnableFixedFrameWidgets)</onload>
	<onload condition="!Skin.HasSetting(HomeMenuDefaults46)">Skin.SetBool(ShowInformationBypass)</onload>
	<onload condition="!Skin.HasSetting(HomeMenuDefaults46)">Skin.SetBool(MovieDetailsHome)</onload>
	<onload condition="!Skin.HasSetting(HomeMenuDefaults46)">Skin.SetBool(LockHubWidgets)</onload>
	<onload condition="!Skin.HasSetting(HomeMenuDefaults46)">Skin.SetBool(DisableNowPlayingInfoBar)</onload>
	<onload condition="!Skin.HasSetting(HomeMenuDefaults46)">Skin.SetBool(UseBingieInfoDialog)</onload>
	<onload condition="!Skin.HasSetting(HomeMenuDefaults46)">Skin.SetBool(ForceVideoPlaybackStop)</onload>
	<onload condition="!Skin.HasSetting(HomeMenuDefaults46)">Skin.SetBool(AutoCloseVideoOSD)</onload>
	<onload condition="!Skin.HasSetting(HomeMenuDefaults46)">Skin.SetString(WidgetsGlobalLimit,30)</onload>
	<onload condition="!Skin.HasSetting(HomeMenuDefaults46)">Skin.SetBool(EnableStudioLogoInfoDialog)</onload>
    <onload condition="!Skin.HasSetting(HomeMenuDefaults46)">Skin.SetBool(Details_Row_Resolution)</onload>
	<onload condition="!Skin.HasSetting(HomeMenuDefaults46)">Skin.SetBool(DisableScrollingLetters)</onload>
	<onload condition="!Skin.HasSetting(HomeMenuDefaults46)">Skin.SetBool(View52_EnableZoomEffect)</onload>
	<onload condition="!Skin.HasSetting(HomeMenuDefaults46)">Skin.SetBool(EnableViewsRatings)</onload>
	<onload condition="!Skin.HasSetting(HomeMenuDefaults46)">Skin.SetBool(EnableViewsStudioLogo)</onload>
	<onload condition="!Skin.HasSetting(HomeMenuDefaults46)">Skin.SetBool(EnableBingieSearchLibrary)</onload>
	<onload condition="!Skin.HasSetting(HomeMenuDefaults46)">Skin.SetBool(EnableAutoPauseOnOSD)</onload>
		
		<!-- default splash resolution -->
        <onload condition="String.IsEmpty(Skin.String(SplashAnimationResolution))">Skin.SetString(SplashAnimationResolution,1080p)</onload>
        <!-- default color settings (Default Theme - BINGIE) -->
        <onload condition="!Skin.String(HomeWidgetsBorderColor)">Skin.SetString(HomeWidgetsBorderColor,None)</onload>
        <onload condition="!Skin.String(HomeWidgetsBorderColor.name)">Skin.SetString(HomeWidgetsBorderColor.name,None)</onload>
		<onload condition="!Skin.String(LineUnderMenuIconsColor)">Skin.SetString(LineUnderMenuIconsColor,ffe50914)</onload>
        <onload condition="!Skin.String(LineUnderMenuIconsColor.name)">Skin.SetString(LineUnderMenuIconsColor.name,Red)</onload>
        <onload condition="!Skin.String(HeaderTextColor)">Skin.SetString(HeaderTextColor,ffffffff)</onload>
        <onload condition="!Skin.String(HeaderTextColor.name)">Skin.SetString(HeaderTextColor.name,White)</onload>
        <onload condition="!Skin.String(HeaderTextShadowColor)">Skin.SetString(HeaderTextShadowColor,None)</onload>
        <onload condition="!Skin.String(HeaderTextShadowColor.name)">Skin.SetString(HeaderTextShadowColor.name,None)</onload>
        <onload condition="!Skin.String(ViewDetailsTextShadowColor)">Skin.SetString(ViewDetailsTextShadowColor,None)</onload>
        <onload condition="!Skin.String(ViewDetailsTextShadowColor.name)">Skin.SetString(ViewDetailsTextShadowColor.name,None)</onload>
        <onload condition="!Skin.String(ViewDetailsTextColor)">Skin.SetString(ViewDetailsTextColor,ffffffff)</onload>
        <onload condition="!Skin.String(ViewDetailsTextColor.name)">Skin.SetString(ViewDetailsTextColor.name,White)</onload>
        <onload condition="!Skin.String(ViewDetailsHighlightTextColor)">Skin.SetString(ViewDetailsHighlightTextColor,ffcc0001)</onload>
        <onload condition="!Skin.String(ViewDetailsHighlightTextColor.name)">Skin.SetString(ViewDetailsHighlightTextColor.name,Strong red)</onload>
        <onload condition="!Skin.String(ViewDetailsHighlightTextShadowColor)">Skin.SetString(ViewDetailsHighlightTextShadowColor,None)</onload>
        <onload condition="!Skin.String(ViewDetailsHighlightTextShadowColor.name)">Skin.SetString(ViewDetailsHighlightTextShadowColor.name,None)</onload>
        <onload condition="!Skin.String(ViewDetailsListItemTextColor)">Skin.SetString(ViewDetailsListItemTextColor,ffffffff)</onload>
        <onload condition="!Skin.String(ViewDetailsListItemTextColor.name)">Skin.SetString(ViewDetailsListItemTextColor.name,White)</onload>
        <onload condition="!Skin.String(ViewDetailsListItemTextFocusColor)">Skin.SetString(ViewDetailsListItemTextFocusColor,ffffffff)</onload>
        <onload condition="!Skin.String(ViewDetailsListItemTextFocusColor.name)">Skin.SetString(ViewDetailsListItemTextFocusColor.name,White)</onload>
        <onload condition="!Skin.String(ViewDetailsFocusColor)">Skin.SetString(ViewDetailsFocusColor,ff990100)</onload>
        <onload condition="!Skin.String(ViewDetailsFocusColor.name)">Skin.SetString(ViewDetailsFocusColor.name,Dark red)</onload>
        <onload condition="!Skin.String(ViewDetailsBorderFocusColor)">Skin.SetString(ViewDetailsBorderFocusColor,ffffffff)</onload>
        <onload condition="!Skin.String(ViewDetailsBorderFocusColor.name)">Skin.SetString(ViewDetailsBorderFocusColor.name,White)</onload>
        <onload condition="!Skin.String(ButtonFocusColor)">Skin.SetString(ButtonFocusColor,cce0e0e0)</onload>
        <onload condition="!Skin.String(ButtonFocusColor.name)">Skin.SetString(ButtonFocusColor.name,Very light gray)</onload>
        <onload condition="!Skin.String(GeneralPanelsColor)">Skin.SetString(GeneralPanelsColor,cc0a0a0a)</onload>
        <onload condition="!Skin.String(GeneralPanelsColor.name)">Skin.SetString(GeneralPanelsColor.name,Black)</onload>
        <onload condition="!Skin.String(FooterTextColor)">Skin.SetString(FooterTextColor,ffffffff)</onload>
        <onload condition="!Skin.String(FooterTextColor.name)">Skin.SetString(FooterTextColor.name,White)</onload>
        <onload condition="!Skin.String(ButtonTextColor)">Skin.SetString(ButtonTextColor,ffffffff)</onload>
        <onload condition="!Skin.String(ButtonTextColor.name)">Skin.SetString(ButtonTextColor.name,White)</onload>
        <onload condition="!Skin.String(ButtonFocusTextColor)">Skin.SetString(ButtonFocusTextColor,ff000000)</onload>
        <onload condition="!Skin.String(ButtonFocusTextColor.name)">Skin.SetString(ButtonFocusTextColor.name,Black)</onload>
        <onload condition="!Skin.String(GeneralTextColor)">Skin.SetString(GeneralTextColor,ffffffff)</onload>
        <onload condition="!Skin.String(GeneralTextColor.name)">Skin.SetString(GeneralTextColor.name,White)</onload>
        <onload condition="!Skin.String(GeneralHighlightTextColor)">Skin.SetString(GeneralHighlightTextColor,ffffffff)</onload>
        <onload condition="!Skin.String(GeneralHighlightTextColor.name)">Skin.SetString(GeneralHighlightTextColor.name,White)</onload>
        <onload condition="!Skin.String(BingiePrimaryTextColor)">Skin.SetString(BingiePrimaryTextColor,ffffffff)</onload>
        <onload condition="!Skin.String(BingiePrimaryTextColor.name)">Skin.SetString(BingiePrimaryTextColor.name,White)</onload>
        <onload condition="!Skin.String(BingieSecondaryTextColor)">Skin.SetString(BingieSecondaryTextColor,73ffffff)</onload>
        <onload condition="!Skin.String(BingieSecondaryTextColor.name)">Skin.SetString(BingieSecondaryTextColor.name,Dark gray)</onload>
		<onload condition="!Skin.String(MainMenuButtonColor)">Skin.SetString(MainMenuButtonColor,80ffffff)</onload>
        <onload condition="!Skin.String(MainMenuButtonColor.name)">Skin.SetString(MainMenuButtonColor.name,Gray)</onload>
        <onload condition="!Skin.String(MainMenuFocusButtonColor)">Skin.SetString(MainMenuFocusButtonColor,ffffffff)</onload>
        <onload condition="!Skin.String(MainMenuFocusButtonColor.name)">Skin.SetString(MainMenuFocusButtonColor.name,White)</onload>
        <onload condition="!Skin.String(BingieDetailsFlagColor)">Skin.SetString(BingieDetailsFlagColor,ff414141)</onload>
        <onload condition="!Skin.String(BingieDetailsFlagColor.name)">Skin.SetString(BingieDetailsFlagColor.name,Dark gray)</onload>
		<onload condition="!Skin.String(BingieDetailsFlagTextColor)">Skin.SetString(BingieDetailsFlagTextColor,b3ffffff)</onload>
        <onload condition="!Skin.String(BingieDetailsFlagTextColor.name)">Skin.SetString(BingieDetailsFlagTextColor.name,Light gray)</onload>
        <onload condition="!Skin.String(BingieRatingInDetailsColor)">Skin.SetString(BingieRatingInDetailsColor,ff41b957)</onload>
        <onload condition="!Skin.String(BingieRatingInDetailsColor.name)">Skin.SetString(BingieRatingInDetailsColor.name,Green)</onload>
        <onload condition="!Skin.String(BingieNewEpisodesTagColor)">Skin.SetString(BingieNewEpisodesTagColor,ffe50914)</onload>
        <onload condition="!Skin.String(BingieNewEpisodesTagColor.name)">Skin.SetString(BingieNewEpisodesTagColor.name,Red)</onload>
		<onload condition="!Skin.String(NewEpisodes.TextColor)">Skin.SetString(NewEpisodes.TextColor,ffffffff)</onload>
        <onload condition="!Skin.String(NewEpisodes.TextColor.name)">Skin.SetString(NewEpisodes.TextColor.name,White)</onload>
		<onload condition="!Skin.String(BingieTop250IconColor)">Skin.SetString(BingieTop250IconColor,ffffffff)</onload>
        <onload condition="!Skin.String(BingieTop250IconColor.name)">Skin.SetString(BingieTop250IconColor.name,White)</onload>
		<onload condition="!Skin.String(BingieAdditionalInfoIconsColor)">Skin.SetString(BingieAdditionalInfoIconsColor,ffffffff)</onload>
        <onload condition="!Skin.String(BingieAdditionalInfoIconsColor.name)">Skin.SetString(BingieAdditionalInfoIconsColor.name,White)</onload>
        <onload condition="!Skin.String(BingieAdditionalInfoTextColor)">Skin.SetString(BingieAdditionalInfoTextColor,ffffffff)</onload>
        <onload condition="!Skin.String(BingieAdditionalInfoTextColor.name)">Skin.SetString(BingieAdditionalInfoTextColor.name,White)</onload>
        <onload condition="!Skin.String(BingieSubLabelTextColor)">Skin.SetString(BingieSubLabelTextColor,ffffffff)</onload>
        <onload condition="!Skin.String(BingieLabelTextColor.name)">Skin.SetString(BingieLabelTextColor.name,White)</onload>
		<onload condition="!Skin.String(BingieLabelTextColor)">Skin.SetString(BingieLabelTextColor,ffffffff)</onload>
        <onload condition="!Skin.String(BingieSubLabelTextColor.name)">Skin.SetString(BingieSubLabelTextColor.name,White)</onload>
        <onload condition="!Skin.String(BackgroundOverlayColor)">Skin.SetString(BackgroundOverlayColor,None)</onload>
        <onload condition="!Skin.String(BackgroundOverlayColor.name)">Skin.SetString(BackgroundOverlayColor.name,None)</onload>
        <onload condition="!Skin.String(BackgroundOverlayColor.base)">Skin.SetString(BackgroundOverlayColor.base,None)</onload>
        <onload condition="!Skin.String(BackgroundDiffuseColor)">Skin.SetString(BackgroundDiffuseColor,None)</onload>
        <onload condition="!Skin.String(BackgroundDiffuseColor.name)">Skin.SetString(BackgroundDiffuseColor.name,None)</onload>
        <onload condition="!Skin.String(FooterPanelColor)">Skin.SetString(FooterPanelColor,None)</onload>
        <onload condition="!Skin.String(FooterPanelColor.name)">Skin.SetString(FooterPanelColor.name,None)</onload>
        <onload condition="!Skin.String(ViewDetailsPanelColor)">Skin.SetString(ViewDetailsPanelColor,ff000000)</onload>
        <onload condition="!Skin.String(ViewDetailsPanelColor.name)">Skin.SetString(ViewDetailsPanelColor.name,Black)</onload>
        <onload condition="!Skin.String(OSDPanelColor)">Skin.SetString(OSDPanelColor,cc000000)</onload>
        <onload condition="!Skin.String(OSDPanelColor.name)">Skin.SetString(OSDPanelColor.name,Black)</onload>
        <onload condition="!Skin.String(ButtonColor)">Skin.SetString(ButtonColor,ff141414)</onload>
        <onload condition="!Skin.String(ButtonColor.name)">Skin.SetString(ButtonColor.name,Onyx)</onload>
        <onload condition="!Skin.String(FooterTextShadowColor)">Skin.SetString(FooterTextShadowColor,None)</onload>
        <onload condition="!Skin.String(FooterTextShadowColor.name)">Skin.SetString(FooterTextShadowColor.name,None)</onload>
        <onload condition="!Skin.String(OSDPrimaryTextColor)">Skin.SetString(OSDPrimaryTextColor,ffffffff)</onload>
        <onload condition="!Skin.String(OSDPrimaryTextColor.name)">Skin.SetString(OSDPrimaryTextColor.name,White)</onload>
        <onload condition="!Skin.String(OSDPrimaryTextShadowColor)">Skin.SetString(OSDPrimaryTextShadowColor,None)</onload>
        <onload condition="!Skin.String(OSDPrimaryTextShadowColor.name)">Skin.SetString(OSDPrimaryTextShadowColor.name,None)</onload>
        <onload condition="!Skin.String(OSDSecondaryTextColor)">Skin.SetString(OSDSecondaryTextColor,ffffffff)</onload>
        <onload condition="!Skin.String(OSDSecondaryTextColor.name)">Skin.SetString(OSDSecondaryTextColor.name,White)</onload>
        <onload condition="!Skin.String(OSDSecondaryTextShadowColor)">Skin.SetString(OSDSecondaryTextShadowColor,None)</onload>
        <onload condition="!Skin.String(OSDSecondaryTextShadowColor.name)">Skin.SetString(OSDSecondaryTextShadowColor.name,None)</onload>
        <onload condition="!Skin.String(OSDProgressBarColor)">Skin.SetString(OSDProgressBarColor,ffe50914)</onload>
        <onload condition="!Skin.String(OSDProgressBarColor.name)">Skin.SetString(OSDProgressBarColor.name,Red)</onload>
        <onload condition="!Skin.String(OSDProgressBarBackgroundColor)">Skin.SetString(OSDProgressBarBackgroundColor,bb0f0f0f)</onload>
        <onload condition="!Skin.String(OSDProgressBarBackgroundColor.name)">Skin.SetString(OSDProgressBarBackgroundColor.name,Very dark gray)</onload>
        <onload condition="!Skin.String(OSDProgressBarCacheColor)">Skin.SetString(OSDProgressBarCacheColor,80e50914)</onload>
        <onload condition="!Skin.String(OSDProgressBarCacheColor.name)">Skin.SetString(OSDProgressBarCacheColor.name,Light Red)</onload>
        <onload condition="!Skin.String(OSDProgressBarBorderColor)">Skin.SetString(OSDProgressBarBorderColor,b33b3b3b)</onload>
        <onload condition="!Skin.String(OSDProgressBarBorderColor.name)">Skin.SetString(OSDProgressBarBorderColor.name,Very dark gray)</onload>
        <onload condition="!Skin.String(OSDButtonsFocusColor)">Skin.SetString(OSDButtonsFocusColor,ffffffff)</onload>
        <onload condition="!Skin.String(OSDButtonsFocusColor.name)">Skin.SetString(OSDButtonsFocusColor.name,White)</onload>
        <onload condition="!Skin.String(OSDButtonsColor)">Skin.SetString(OSDButtonsColor,d9afafaf)</onload>
        <onload condition="!Skin.String(OSDButtonsColor.name)">Skin.SetString(OSDButtonsColor.name,Gray)</onload>
		<onload condition="!Skin.String(OSDBingieButtonsFocusColor)">Skin.SetString(OSDBingieButtonsFocusColor,ffffffff)</onload>
        <onload condition="!Skin.String(OSDBingieButtonsFocusColor.name)">Skin.SetString(OSDBingieButtonsFocusColor.name,White)</onload>
        <onload condition="!Skin.String(OSDBingieButtonsColor)">Skin.SetString(OSDBingieButtonsColor,a6ffffff)</onload>
        <onload condition="!Skin.String(OSDBingieButtonsColor.name)">Skin.SetString(OSDBingieButtonsColor.name,Light gray)</onload>
		<onload condition="!Skin.String(OSDVolumeButtonColor)">Skin.SetString(OSDVolumeButtonColor,ffe50914)</onload>
        <onload condition="!Skin.String(OSDVolumeButtonColor.name)">Skin.SetString(OSDVolumeButtonColor.name,Red)</onload>
        <onload condition="!Skin.String(OSDBufferingSpinnerColor)">Skin.SetString(OSDBufferingSpinnerColor,ffe50914)</onload>
        <onload condition="!Skin.String(OSDBufferingSpinnerColor.name)">Skin.SetString(OSDBufferingSpinnerColor.name,Red)</onload>
		<onload condition="!Skin.String(BingieOSDProgressBarBackgroundColor)">Skin.SetString(BingieOSDProgressBarBackgroundColor,27ffffff)</onload>
        <onload condition="!Skin.String(BingieOSDProgressBarBackgroundColor.name)">Skin.SetString(BingieOSDProgressBarBackgroundColor.name,Dark Gray)</onload>
		<onload condition="!Skin.String(BingieOSDProgressBarColor)">Skin.SetString(BingieOSDProgressBarColor,ffe50914)</onload>
        <onload condition="!Skin.String(BingieOSDProgressBarColor.name)">Skin.SetString(BingieOSDProgressBarColor.name,Red)</onload>
		<onload condition="!Skin.String(BingieOSDProgressBarCacheColor)">Skin.SetString(BingieOSDProgressBarCacheColor,80e50914)</onload>
        <onload condition="!Skin.String(BingieOSDProgressBarCacheColor.name)">Skin.SetString(BingieOSDProgressBarCacheColor.name,Light Red)</onload>
		<onload condition="!Skin.String(BingieOSDProgressTextColor)">Skin.SetString(BingieOSDProgressTextColor,ffffffff)</onload>
        <onload condition="!Skin.String(BingieOSDProgressTextColor.name)">Skin.SetString(BingieOSDProgressTextColor.name,White)</onload>
		<onload condition="!Skin.String(BingieOSDHeaderTextColor)">Skin.SetString(BingieOSDHeaderTextColor,ffffffff)</onload>
        <onload condition="!Skin.String(BingieOSDHeaderTextColor.name)">Skin.SetString(BingieOSDHeaderTextColor.name,White)</onload>				
		<onload condition="!Skin.String(BingieOSDPlotTextColor)">Skin.SetString(BingieOSDPlotTextColor,b3ffffff)</onload>
        <onload condition="!Skin.String(BingieOSDPlotTextColor.name)">Skin.SetString(BingieOSDPlotTextColor.name,Light gray)</onload>
		<onload condition="!Skin.String(BingieOSDSubLabelTextColor)">Skin.SetString(BingieOSDSubLabelTextColor,ffffffff)</onload>
        <onload condition="!Skin.String(BingieOSDSubLabelTextColor.name)">Skin.SetString(BingieOSDSubLabelTextColor.name,White)</onload>
		<onload condition="!Skin.String(BingieOSDLabelTextColor)">Skin.SetString(BingieOSDLabelTextColor,ffffffff)</onload>
        <onload condition="!Skin.String(BingieOSDLabelTextColor.name)">Skin.SetString(BingieOSDLabelTextColor.name,White)</onload>
		<onload condition="!Skin.String(BingieOSDDeatailsTextColor)">Skin.SetString(BingieOSDDeatailsTextColor,a6ffffff)</onload>
        <onload condition="!Skin.String(BingieOSDDeatailsTextColor.name)">Skin.SetString(BingieOSDDeatailsTextColor.name,Light gray)</onload>
        <onload condition="!Skin.String(ScrollbarBackgroundColor)">Skin.SetString(ScrollbarBackgroundColor,ff141414)</onload>
        <onload condition="!Skin.String(ScrollbarBackgroundColor.name)">Skin.SetString(ScrollbarBackgroundColor.name,Very dark gray)</onload>
        <onload condition="!Skin.String(ScrollbarUnfocusedColor)">Skin.SetString(ScrollbarUnfocusedColor,ff646464)</onload>
        <onload condition="!Skin.String(ScrollbarUnfocusedColor.name)">Skin.SetString(ScrollbarUnfocusedColor.name,Dark gray)</onload>
        <onload condition="!Skin.String(ScrollbarFocusedColor)">Skin.SetString(ScrollbarFocusedColor,ffcc0000)</onload>
        <onload condition="!Skin.String(ScrollbarFocusedColor.name)">Skin.SetString(ScrollbarFocusedColor.name,red)</onload>
		<onload condition="!Skin.String(BingiePlotTextColor)">Skin.SetString(BingiePlotTextColor,b3ffffff)</onload>
        <onload condition="!Skin.String(BingiePlotTextColor.name)">Skin.SetString(BingiePlotTextColor.name,Light gray)</onload>
		<onload condition="!Skin.String(BingieDeatailsTextColor)">Skin.SetString(BingieDeatailsTextColor,a6ffffff)</onload>
        <onload condition="!Skin.String(BingieDeatailsTextColor.name)">Skin.SetString(BingieDeatailsTextColor.name,Light gray)</onload>
		<onload condition="!Skin.String(BingieHeaderTextColor)">Skin.SetString(BingieHeaderTextColor,ffffffff)</onload>
        <onload condition="!Skin.String(BingieHeaderTextColor.name)">Skin.SetString(BingieHeaderTextColor.name,White)</onload>
		<onload condition="!Skin.String(BingieSpotlightPlotTextColor)">Skin.SetString(BingieSpotlightPlotTextColor,ffffffff)</onload>
        <onload condition="!Skin.String(BingieSpotlightPlotTextColor.name)">Skin.SetString(BingieSpotlightPlotTextColor.name,White)</onload>
		<onload condition="!Skin.String(BingieDialogAdditionalInfoTextColor)">Skin.SetString(BingieDialogAdditionalInfoTextColor,80ffffff)</onload>
        <onload condition="!Skin.String(BingieDialogAdditionalInfoTextColor.name)">Skin.SetString(BingieDialogAdditionalInfoTextColor.name,Gray)</onload>
		<onload condition="!Skin.String(BingieDialogAdditionalInfoIconColor)">Skin.SetString(BingieDialogAdditionalInfoIconColor,80ffffff)</onload>
        <onload condition="!Skin.String(BingieDialogAdditionalInfoIconColor.name)">Skin.SetString(BingieDialogAdditionalInfoIconColor.name,Gray)</onload>
		<onload condition="!Skin.String(BingieButtonFocusTextColor)">Skin.SetString(BingieButtonFocusTextColor,ffffffff)</onload>
        <onload condition="!Skin.String(BingieButtonFocusTextColor.name)">Skin.SetString(BingieButtonFocusTextColor.name,White)</onload>
		<onload condition="!Skin.String(BingieButtonTextColor)">Skin.SetString(BingieButtonTextColor,a6ffffff)</onload>
        <onload condition="!Skin.String(BingieButtonTextColor.name)">Skin.SetString(BingieButtonTextColor.name,Light gray)</onload>
		<onload condition="!Skin.String(BingieSecondaryButtonFocusTextColor)">Skin.SetString(BingieSecondaryButtonFocusTextColor,ff000000)</onload>
        <onload condition="!Skin.String(BingieSecondaryButtonFocusTextColor.name)">Skin.SetString(BingieSecondaryButtonFocusTextColor.name,Black)</onload>
		<onload condition="!Skin.String(BingieSecondaryButtonTextColor)">Skin.SetString(BingieSecondaryButtonTextColor,a6ffffff)</onload>
        <onload condition="!Skin.String(BingieSecondaryButtonTextColor.name)">Skin.SetString(BingieSecondaryButtonTextColor.name,Light gray)</onload>
		<onload condition="!Skin.String(BingieProgressBarColor)">Skin.SetString(BingieProgressBarColor,ffe50914)</onload>
        <onload condition="!Skin.String(BingieProgressBarColor.name)">Skin.SetString(BingieProgressBarColor.name,Red)</onload>
		<onload condition="!Skin.String(BingieProgressBarBackgroundColor)">Skin.SetString(BingieProgressBarBackgroundColor,ff929699)</onload>
        <onload condition="!Skin.String(BingieProgressBarBackgroundColor.name)">Skin.SetString(BingieProgressBarBackgroundColor.name,Gray)</onload>
		<onload condition="!Skin.String(BingieHomeProgressBarColor)">Skin.SetString(BingieHomeProgressBarColor,ffe50914)</onload>
        <onload condition="!Skin.String(BingieHomeProgressBarColor.name)">Skin.SetString(BingieHomeProgressBarColor.name,Red)</onload>
		<onload condition="!Skin.String(BingieHomeProgressBarBackgroundColor)">Skin.SetString(BingieHomeProgressBarBackgroundColor,ff414141)</onload>
        <onload condition="!Skin.String(BingieHomeProgressBarBackgroundColor.name)">Skin.SetString(BingieHomeProgressBarBackgroundColor.name,Dark gray)</onload>
		<onload condition="!Skin.String(BingieHomeProgressBarTextColor)">Skin.SetString(BingieHomeProgressBarTextColor,a6ffffff)</onload>
        <onload condition="!Skin.String(BingieHomeProgressBarTextColor.name)">Skin.SetString(BingieHomeProgressBarTextColor.name,Light gray)</onload>
        <!-- watched indicator colors -->
        <onload condition="!Skin.String(WatchedIndicator.Watched.Color)">Skin.SetString(WatchedIndicator.Watched.Color,cc800000)</onload>
        <onload condition="!Skin.String(WatchedIndicator.Watched.Color.name)">Skin.SetString(WatchedIndicator.Watched.Color.name,Light red)</onload>
        <onload condition="!Skin.String(WatchedIndicator.Watched.TextColor)">Skin.SetString(WatchedIndicator.Watched.TextColor,ffffffff)</onload>
        <onload condition="!Skin.String(WatchedIndicator.Watched.TextColor.name)">Skin.SetString(WatchedIndicator.Watched.TextColor.name,White)</onload>
        <onload condition="!Skin.String(WatchedIndicator.UnWatched.Color)">Skin.SetString(WatchedIndicator.UnWatched.Color,cc800000)</onload>
        <onload condition="!Skin.String(WatchedIndicator.UnWatched.Color.name)">Skin.SetString(WatchedIndicator.UnWatched.Color.name,Light red)</onload>
        <onload condition="!Skin.String(WatchedIndicator.UnWatched.TextColor)">Skin.SetString(WatchedIndicator.UnWatched.TextColor,ffffffff)</onload>
        <onload condition="!Skin.String(WatchedIndicator.UnWatched.TextColor.name)">Skin.SetString(WatchedIndicator.UnWatched.TextColor.name,White)</onload>
        <onload condition="!Skin.String(WatchedIndicator.Progress.Color)">Skin.SetString(WatchedIndicator.Progress.Color,cc800000)</onload>
        <onload condition="!Skin.String(WatchedIndicator.Progress.Color.name)">Skin.SetString(WatchedIndicator.Progress.Color.name,Light red)</onload>
        <onload condition="!Skin.String(WatchedIndicator.Progress.TextColor)">Skin.SetString(WatchedIndicator.Progress.TextColor,ffffffff)</onload>
        <onload condition="!Skin.String(WatchedIndicator.Progress.TextColor.name)">Skin.SetString(WatchedIndicator.Progress.TextColor.name,White)</onload>
        <onload condition="!Skin.String(WatchedIndicator.Sets.Color)">Skin.SetString(WatchedIndicator.Sets.Color,ffffbf00)</onload>
        <onload condition="!Skin.String(WatchedIndicator.Sets.Color.name)">Skin.SetString(WatchedIndicator.Sets.Color.name,Amber)</onload>
        <onload condition="!Skin.String(WatchedIndicator.Sets.TextColor)">Skin.SetString(WatchedIndicator.Sets.TextColor,ffffffff)</onload>
        <onload condition="!Skin.String(WatchedIndicator.Sets.TextColor.name)">Skin.SetString(WatchedIndicator.Sets.TextColor.name,White)</onload>
        <onload condition="!Skin.String(WatchedIndicator.Episodes.Color)">Skin.SetString(WatchedIndicator.Episodes.Color,cc800000)</onload>
        <onload condition="!Skin.String(WatchedIndicator.Episodes.Color.name)">Skin.SetString(WatchedIndicator.Episodes.Color.name,Light red)</onload>
        <onload condition="!Skin.String(WatchedIndicator.Episodes.TextColor)">Skin.SetString(WatchedIndicator.Episodes.TextColor,ffffffff)</onload>
        <onload condition="!Skin.String(WatchedIndicator.Episodes.TextColor.name)">Skin.SetString(WatchedIndicator.Episodes.TextColor.name,White)</onload>
        <onload condition="!Skin.String(WatchedIndicator.Playing.Color)">Skin.SetString(WatchedIndicator.Playing.Color,cc181818)</onload>
        <onload condition="!Skin.String(WatchedIndicator.Playing.Color.name)">Skin.SetString(WatchedIndicator.Playing.Color.name,Gray)</onload>
        <onload condition="!Skin.String(WatchedIndicator.Playing.TextColor)">Skin.SetString(WatchedIndicator.Playing.TextColor,ffffffff)</onload>
        <onload condition="!Skin.String(WatchedIndicator.Playing.TextColor.name)">Skin.SetString(WatchedIndicator.Playing.TextColor.name,White)</onload>
        <onload condition="!Skin.String(SideBladePanelColor) + Skin.String(GeneralPanelsColor.base)">Skin.SetString(SideBladePanelColor,$INFO[Skin.String(GeneralPanelsColor.base)])</onload>
        <onload condition="!Skin.String(SideBladePanelColor.name) + Skin.String(GeneralPanelsColor.base)">Skin.SetString(SideBladePanelColor.name,$INFO[Skin.String(GeneralPanelsColor.name)])</onload>
        <onload condition="!Skin.String(SideBladePanelColor) + !Skin.String(GeneralPanelsColor.base)">Skin.SetString(SideBladePanelColor,fa0a0a0a)</onload>
        <onload condition="!Skin.String(SideBladePanelColor.name) + !Skin.String(GeneralPanelsColor.base)">Skin.SetString(SideBladePanelColor.name,Black)</onload>
        <onload condition="!Skin.String(SideBladeTextColor)">Skin.SetString(SideBladeTextColor,$INFO[Skin.String(GeneralTextColor)])</onload>
        <onload condition="!Skin.String(SideBladeTextColor.name)">Skin.SetString(SideBladeTextColor.name,$INFO[Skin.String(GeneralTextColor.name)])</onload>
        <onload condition="!Skin.String(TagOverlaysPanelColor)">Skin.SetString(TagOverlaysPanelColor,dd000000)</onload>
        <onload condition="!Skin.String(TagOverlaysPanelColor.name)">Skin.SetString(TagOverlaysPanelColor.name,Black)</onload>
        <onload condition="!Skin.String(TagOverlaysTextColor)">Skin.SetString(TagOverlaysTextColor,ffffffff)</onload>
        <onload condition="!Skin.String(TagOverlaysTextColor.name)">Skin.SetString(TagOverlaysTextColor.name,White)</onload>
        <onload condition="!Skin.String(LyricsOverlayColor)">Skin.SetString(LyricsOverlayColor,cc000000)</onload>
        <onload condition="!Skin.String(LyricsOverlayColor.name)">Skin.SetString(LyricsOverlayColor.name,Black)</onload>
        <onload condition="!Skin.String(LyricsTextColor)">Skin.SetString(LyricsTextColor,aaffffff)</onload>
        <onload condition="!Skin.String(LyricsTextColor.name)">Skin.SetString(LyricsTextColor.name,White)</onload>
        <onload condition="!Skin.String(LyricsTextShadowColor)">Skin.SetString(LyricsTextShadowColor,none)</onload>
        <onload condition="!Skin.String(LyricsTextShadowColor.name)">Skin.SetString(LyricsTextShadowColor.name,None)</onload>
        <onload condition="!Skin.String(LyricsFocusTextColor)">Skin.SetString(LyricsFocusTextColor,ffffffff)</onload>
        <onload condition="!Skin.String(LyricsFocusTextColor.name)">Skin.SetString(LyricsFocusTextColor.name,White)</onload>
        <onload condition="!Skin.String(LyricsFocusTextShadowColor)">Skin.SetString(LyricsFocusTextShadowColor,none)</onload>
        <onload condition="!Skin.String(LyricsFocusTextShadowColor.name)">Skin.SetString(LyricsFocusTextShadowColor.name,None)</onload>       
        <onload condition="!Skin.String(MainMenuTextColor)">Skin.SetString(MainMenuTextColor,80ffffff)</onload>
        <onload condition="!Skin.String(MainMenuTextColor.name)">Skin.SetString(MainMenuTextColor.name,Gray)</onload>
        <onload condition="!Skin.String(MainMenuFocusTextColor) + !Skin.String(MainMenuFocusTextColor.name)">Skin.SetString(MainMenuFocusTextColor.name,White)</onload>
        <onload condition="!Skin.String(MainMenuFocusTextColor)">Skin.SetString(MainMenuFocusTextColor,ffffffff)</onload>
        <onload condition="!Skin.String(HeaderPanelColor) + !Skin.String(HeaderPanelColor.name)">Skin.SetString(HeaderPanelColor.name,None)</onload>
        <onload condition="!Skin.String(HeaderPanelColor)">Skin.SetString(HeaderPanelColor,None)</onload>
        <onload condition="!Skin.String(ActiveSpinControlColor) + !Skin.String(ActiveSpinControlColor.name)">Skin.SetString(ActiveSpinControlColor.name,Red)</onload>
        <onload condition="!Skin.String(ActiveSpinControlColor)">Skin.SetString(ActiveSpinControlColor,ffe50914)</onload>
		<!-- MPAA colors -->
		<onload condition="!Skin.String(GPanelColor)">Skin.SetString(GPanelColor,ff008000)</onload>
        <onload condition="!Skin.String(GPanelColor.name)">Skin.SetString(GPanelColor.name,Green)</onload>
        <onload condition="!Skin.String(PGPanelColor)">Skin.SetString(PGPanelColor,fffbad00)</onload>
        <onload condition="!Skin.String(PGPanelColor.name)">Skin.SetString(PGPanelColor.name,Yellow)</onload>
        <onload condition="!Skin.String(PG13PanelColor)">Skin.SetString(PG13PanelColor,ffff7d13)</onload>
        <onload condition="!Skin.String(PG13PanelColor.name)">Skin.SetString(PG13PanelColor.name,Orange)</onload>
		<onload condition="!Skin.String(RPanelColor)">Skin.SetString(RPanelColor,ffdc0a0a)</onload>
        <onload condition="!Skin.String(RPanelColor)">Skin.SetString(RPanelColor.name,Red)</onload>
		<onload condition="!Skin.String(NC17PanelColor)">Skin.SetString(NC17PanelColor,ffFB4F93)</onload>
        <onload condition="!Skin.String(NC17PanelColor)">Skin.SetString(NC17PanelColor.name,Pink)</onload>
		<onload condition="!Skin.String(NRPanelColor)">Skin.SetString(NRPanelColor,ff0000ff)</onload>
        <onload condition="!Skin.String(NRPanelColor)">Skin.SetString(NRPanelColor.name,Blue)</onload>
		<onload condition="!Skin.String(PanelBorderColor)">Skin.SetString(PanelBorderColor,ffffffff)</onload>
		<onload condition="!Skin.String(PanelBorderColor)">Skin.SetString(PanelBorderColor.name,White)</onload>
		<onload condition="!Skin.String(MPAATextColor)">Skin.SetString(MPAATextColor,ffffffff)</onload>
		<onload condition="!Skin.String(MPAATextColor)">Skin.SetString(MPAATextColor.name,White)</onload>
        <!-- pvr colors -->
        <onload condition="!Skin.String(PVRGuideItemColorUnfocus)">Skin.SetString(PVRGuideItemColorUnfocus,$INFO[Skin.String(ButtonColor)])</onload>
        <onload condition="!Skin.String(PVRGuideItemColorUnfocus.name)">Skin.SetString(PVRGuideItemColorUnfocus.name,$INFO[Skin.String(ButtonColor.name)])</onload>
        <onload condition="!Skin.String(PVRGuideItemColorFocus)">Skin.SetString(PVRGuideItemColorFocus,$INFO[Skin.String(ButtonFocusColor)])</onload>
        <onload condition="!Skin.String(PVRGuideItemColorFocus.name)">Skin.SetString(PVRGuideItemColorFocus.name,$INFO[Skin.String(ButtonFocusColor.name)])</onload>
        <onload condition="!Skin.String(PVRGuideItemTextColorUnfocus)">Skin.SetString(PVRGuideItemTextColorUnfocus,$INFO[Skin.String(ButtonTextColor)])</onload>
        <onload condition="!Skin.String(PVRGuideItemTextColorUnfocus.name)">Skin.SetString(PVRGuideItemTextColorUnfocus.name,$INFO[Skin.String(ButtonTextColor.name)])</onload>
        <onload condition="!Skin.String(PVRGuideItemTextColorFocus)">Skin.SetString(PVRGuideItemTextColorFocus,$INFO[Skin.String(ButtonFocusTextColor)])</onload>
        <onload condition="!Skin.String(PVRGuideItemTextColorFocus.name)">Skin.SetString(PVRGuideItemTextColorFocus.name,$INFO[Skin.String(ButtonFocusTextColor.name)])</onload>
        <onload condition="!Skin.String(defaultcolorpalette.label)">Skin.SetString(defaultcolorpalette.label,basic)</onload>
        <onload condition="!Skin.String(defaultcolorpalette)">Skin.SetString(defaultcolorpalette,basic)</onload>
        <onload condition="!Skin.String(volumestyle.label)">Skin.SetString(volumestyle.label,modern)</onload>
        <onload condition="!Skin.String(volumestyle)">Skin.SetString(volumestyle,modern)</onload>
        <onload>Skin.SetString(CompareTxtDisable,disable)</onload>
        <onload>Skin.SetString(CompareTxtTop,top)</onload>
        <onload>Skin.SetString(CompareTxtBottom,bottom)</onload>
        <onload>Skin.SetString(CompareTxtLarge,large)</onload>
        <onload>Skin.SetString(CompareTxtDefault,default)</onload>

        <!-- finish default settings -->
        <onload condition="!Skin.HasSetting(HomeMenuDefaults46)">Skin.SetBool(HomeMenuDefaults46)</onload>
    </include>
</includes>
