<?xml version="1.0" encoding="utf-8"?>
<!-- BINGIE -->
<includes>
    <include name="View_50_List">
        <!--Panel-->
		
        <control type="group">
            <visible>Control.IsVisible(50)</visible>
            <visible>!Window.IsActive(DialogVideoInfo.xml)</visible>
            <include>animation_view_change</include>
			
			<!-- Media File Location -->
			<control type="label">
			<description>Show Media File Path BingiePoster/List/Panel</description>
				<visible>Skin.HasSetting(ShowFilePath)</visible>
				<posx>35</posx>
				<posy>950</posy>
				<posy>170</posy>
				<width>100%</width>
				<height>30</height>
				<font>font13</font>
				<label>$INFO[ListItem.Path]</label>  
			</control>

			
			<!-- Fanart Image Added to View-->
            <control type="multiimage">
				<visible>!Skin.HasSetting(View50_DisableFanArt)</visible>
                <include>FullscreenDimensions</include>
                <texture>diffuse/panel2.png</texture>
			    <colordiffuse>33ffffff</colordiffuse>
				<imagepath background="true">$VAR[backgroundVar]</imagepath>
                <aspectratio>scale</aspectratio>
                <fadetime>350</fadetime>
                <include>fanartSpeed</include>
                <randomize>true</randomize>
                <loop>yes</loop>
				<!-- Background Animation -->
                <animation effect="zoom" start="110" end="130" center="auto" time="12000" tween="cubic" easing="inout" pulse="true" condition="Skin.HasSetting(BackgroundAnimation)">Conditional</animation>
                <animation effect="slide" start="-10,-10" end="10,10" time="8000" tween="cubic" easing="inout" pulse="true" condition="Skin.HasSetting(BackgroundAnimation)">Conditional</animation>
            </control>

        
        <!--View 50-->
        <control type="group">
            <visible>Control.IsVisible(50)</visible>
			<bottom>13%</bottom>
            <height>736</height>
			
			<!-- Background Panel-->			
			<control type="image">
				<posx>50</posx>
				<width>1820</width>
				<height>742</height>
				<texture border="15">diffuse/bgpanel.png</texture>
				<colordiffuse>$VAR[ViewDetailsPanelColor]</colordiffuse>
                <visible>Skin.HasSetting(View50_HidePanel)</visible>
                <visible>Integer.IsGreater(Container.NumItems,0)</visible>
			</control>
			
			 <!--Info-->
            <control type="grouplist">
                <!--Regie, Duration... Movies, TV-Shows, Sesaons, Music-Videos-->
                <visible>Container.Content(MusicVideos) | Container.Content(movies) | Container.Content(tvshows) | Container.Content(seasons)</visible>
                <itemgap>0</itemgap>
                <onup>500</onup>
                <ondown>500</ondown>
                <onleft>100</onleft>
                <orientation>vertical</orientation>
                <posx>574</posx>
                <posy>18</posy>
                <control type="label">
                    <posx>0</posx>
                    <posy>0</posy>
                    <width>550</width>
                    <height>40</height>
                    <font>Reg32</font>
                    <textcolor>$INFO[Skin.String(ViewDetailsHighlightTextColor)]</textcolor>
                    <shadowcolor>$INFO[Skin.String(ViewDetailsHighlightTextShadowColor)]</shadowcolor>
                    <label>[B][UPPERCASE]$INFO[ListItem.Title][/UPPERCASE][/B]</label>
                </control>
                <control type="label">
                    <posx>0</posx>
                    <posy>0</posy>
                    <width>550</width>
                    <height>40</height>
                    <textcolor>$INFO[Skin.String(ViewDetailsTextColor)]</textcolor>
                    <shadowcolor>$INFO[Skin.String(ViewDetailsTextShadowColor)]</shadowcolor>
                    <label>[B]$VAR[value_ground1_label][/B] $VAR[value_ground1_value]</label>
                    <visible>!String.IsEmpty(Control.GetLabel(5301))</visible>
                </control>
                <control type="label">
                    <posx>0</posx>
                    <posy>0</posy>
                    <width>550</width>
                    <height>40</height>
                    <textcolor>$INFO[Skin.String(ViewDetailsTextColor)]</textcolor>
                    <shadowcolor>$INFO[Skin.String(ViewDetailsTextShadowColor)]</shadowcolor>
                    <label>[B]$VAR[value_ground2_label][/B] $VAR[value_ground2_value]</label>
                    <visible>!String.IsEmpty(Control.GetLabel(5302))</visible>
                </control>
                <control type="label">
                    <posx>0</posx>
                    <posy>0</posy>
                    <width>550</width>
                    <height>40</height>
                    <textcolor>$INFO[Skin.String(ViewDetailsTextColor)]</textcolor>
                    <shadowcolor>$INFO[Skin.String(ViewDetailsTextShadowColor)]</shadowcolor>
                    <label>[B]$VAR[value_ground3_label][/B] $VAR[value_ground3_value]</label>
                    <visible>!String.IsEmpty(Control.GetLabel(5303))</visible>
                </control>
                <control type="label">
                    <posx>0</posx>
                    <posy>0</posy>
                    <width>550</width>
                    <height>40</height>
                    <textcolor>$INFO[Skin.String(ViewDetailsTextColor)]</textcolor>
                    <shadowcolor>$INFO[Skin.String(ViewDetailsTextShadowColor)]</shadowcolor>
                    <label>[B]$VAR[value_ground4_label][/B] $VAR[value_ground4_value]</label>
                    <visible>!String.IsEmpty(Control.GetLabel(5304))</visible>
                </control>
            </control>
            <control type="grouplist">
                <!--Regie, Duration... Episodes-->
                <visible>Container.content(episodes)</visible>
                <posx>452</posx>
                <posy>15</posy>
                <itemgap>0</itemgap>
                <onup>500</onup>
                <ondown>500</ondown>
                <onleft>100</onleft>
                <orientation>vertical</orientation>
                <control type="label">
                    <posx>0</posx>
                    <posy>0</posy>
                    <width>550</width>
                    <height>40</height>
                    <textcolor>$INFO[Skin.String(ViewDetailsTextColor)]</textcolor>
                    <shadowcolor>$INFO[Skin.String(ViewDetailsTextShadowColor)]</shadowcolor>
                    <label>[B]$VAR[value_ground1_label][/B] $VAR[value_ground1_value]</label>
                    <visible>!String.IsEmpty(Control.GetLabel(5301))</visible>
                </control>
                <control type="label">
                    <posx>0</posx>
                    <posy>0</posy>
                    <width>550</width>
                    <height>40</height>
                    <textcolor>$INFO[Skin.String(ViewDetailsTextColor)]</textcolor>
                    <shadowcolor>$INFO[Skin.String(ViewDetailsTextShadowColor)]</shadowcolor>
                    <label>[B]$VAR[value_ground2_label][/B] $VAR[value_ground2_value]</label>
                    <visible>!String.IsEmpty(Control.GetLabel(5302))</visible>
                </control>
                <control type="label">
                    <posx>0</posx>
                    <posy>0</posy>
                    <width>550</width>
                    <height>40</height>
                    <textcolor>$INFO[Skin.String(ViewDetailsTextColor)]</textcolor>
                    <shadowcolor>$INFO[Skin.String(ViewDetailsTextShadowColor)]</shadowcolor>
                    <label>[B]$VAR[value_ground3_label][/B] $VAR[value_ground3_value]</label>
                    <visible>!String.IsEmpty(Control.GetLabel(5303))</visible>
                </control>
                <control type="label">
                    <posx>0</posx>
                    <posy>0</posy>
                    <width>550</width>
                    <height>40</height>
                    <textcolor>$INFO[Skin.String(ViewDetailsTextColor)]</textcolor>
                    <shadowcolor>$INFO[Skin.String(ViewDetailsTextShadowColor)]</shadowcolor>
                    <label>[B]$VAR[value_ground4_label][/B] $VAR[value_ground4_value]</label>
                    <visible>!String.IsEmpty(Control.GetLabel(5304))</visible>
                </control>
            </control>
            <control type="grouplist">
                <!-- PVR details-->
                <visible>[Window.IsActive(tvchannels) | Window.IsActive(tvguide) | Window.IsActive(tvtimers) | Window.IsActive(tvsearch) | Window.IsActive(tvrecordings)]</visible>
                <posx>80</posx>
                <posy>20</posy>
                <itemgap>0</itemgap>
                <onup>500</onup>
                <ondown>500</ondown>
                <onleft>100</onleft>
                <orientation>vertical</orientation>
                <control type="button">
                    <width>870</width>
                    <font>Reg36</font>
                    <height>50</height>
                    <textcolor>$INFO[Skin.String(ViewDetailsHighlightTextColor)]</textcolor>
                    <shadowcolor>$INFO[Skin.String(ViewDetailsHighlightTextShadowColor)]</shadowcolor>
                    <disabledcolor fallback="white">$INFO[Skin.String(ViewDetailsHighlightTextColor)]</disabledcolor>
                    <label>$VAR[ListTitlePVR]</label>
                    <include>ListDetailsBtn</include>
                </control>
                <control type="button">
                    <width>870</width>
                    <include>ListDetailsBtn</include>
                    <label>[B]$LOCALIZE[20359][/B]</label>
                    <label2>$INFO[ListItem.Season,S,]$INFO[ListItem.Episode,E, - ]$INFO[ListItem.EpisodeName]</label2>
                    <visible>!String.IsEmpty(ListItem.EpisodeName) | !String.IsEmpty(ListItem.Season)</visible>
                </control>
                <control type="button">
                    <width>870</width>
                    <include>ListDetailsBtn</include>
                    <label>[B]$LOCALIZE[19029]:[/B]</label>
                    <label2>$VAR[PVRChannelName]</label2>
                </control>
                <control type="button">
                    <width>870</width>
                    <include>ListDetailsBtn</include>
                    <label>[B]$LOCALIZE[555]:[/B]</label>
                    <label2>$VAR[ListDateInfoPVR]</label2>
                    <visible>!String.IsEmpty(ListItem.Date)</visible>
                </control>
                <control type="button">
                    <width>870</width>
                    <include>ListDetailsBtn</include>
                    <label>[B]$LOCALIZE[180]:[/B]</label>
                    <label2>$INFO[ListItem.Duration(mins),, min]</label2>
                    <visible>!String.IsEmpty(ListItem.Duration)</visible>
                </control>
                <control type="button">
                    <width>870</width>
                    <include>ListDetailsBtn</include>
                    <label>[B]$LOCALIZE[515]:[/B]</label>
                    <label2>$VAR[PVRGenre]</label2>
                </control>
                <control type="button">
                    <!--Next Title-->
                    <width>870</width>
                    <include>ListDetailsBtn</include>
                    <label>[B]$LOCALIZE[19031]:[/B]</label>
                    <label2>$INFO[ListItem.NextTitle] $INFO[ListItem.NextStartTime] - $INFO[ListItem.NextEndTime]</label2>
                    <visible>!String.IsEmpty(ListItem.NextTitle)</visible>
                </control>
            </control>
            <control type="group">
                <posx>574</posx>
                <posy>238</posy>
                <width>550</width>
                <height>475</height>
                <!--Info Plot: Movies, TV-Shows, Music-Videos-->
                <visible>Container.Content(MusicVideos) | Container.Content(movies) | Container.Content(tvshows) | Container.Content(seasons)</visible>
                <control type="textbox">
                    <posx>0</posx>
                    <posy>0</posy>
                    <label>$VAR[Plots]</label>
                    <textcolor>$INFO[Skin.String(ViewDetailsTextColor)]</textcolor>
                    <shadowcolor>$INFO[Skin.String(ViewDetailsTextShadowColor)]</shadowcolor>
                    <align>justify</align>
                    <font>Light28</font>
                </control>
            </control>
            <control type="group">
                <posx>70</posx>
                <posy>250</posy>
                <width>927</width>
                <height>460</height>
                <!--Info Plot: Movies, TV-Shows, Music-Videos-->
                <visible>Container.Content(episodes)</visible>
                <control type="textbox">
                    <posx>-9</posx>
                    <posy>-17</posy>
                    <label>$VAR[Plots]</label>
                    <textcolor>$INFO[Skin.String(ViewDetailsTextColor)]</textcolor>
                    <shadowcolor>$INFO[Skin.String(ViewDetailsTextShadowColor)]</shadowcolor>
                    <align>justify</align>
                    <font>Light28</font>
                </control>
            </control>
            <control type="textbox">
                <!--PVR Plot-->
                <posx>80</posx>
                <posy>320</posy>
                <visible>[Window.IsActive(tvchannels) | Window.IsActive(tvguide) | Window.IsActive(tvtimers) | Window.IsActive(tvsearch) | Window.IsActive(tvrecordings)]</visible>
                <width>560</width>
                <height>400</height>
                <font>Light28</font>
                <textcolor>$INFO[Skin.String(ViewDetailsTextColor)]</textcolor>
                <shadowcolor>$INFO[Skin.String(ViewDetailsTextShadowColor)]</shadowcolor>
                <label>$VAR[Plots]</label>
            </control>
            <!--Control Tags-->
            <control type="grouplist">
                <control type="label" id="5101">
                    <include>HiddenObject</include>
                    <label>$VAR[ListDetails]</label>
                </control>
                <control type="label" id="5201">
                    <include>HiddenObject</include>
                    <label>$VAR[value_ground1_label]</label>
                </control>
                <control type="label" id="5202">
                    <include>HiddenObject</include>
                    <label>$VAR[value_ground2_label]</label>
                </control>
                <control type="label" id="5203">
                    <include>HiddenObject</include>
                    <label>$VAR[value_ground3_label]</label>
                </control>
                <control type="label" id="5204">
                    <include>HiddenObject</include>
                    <label>$VAR[value_ground4_label]</label>
                </control>
                <control type="label" id="5301">
                    <include>HiddenObject</include>
                    <label>$VAR[value_ground1_value]</label>
                </control>
                <control type="label" id="5302">
                    <include>HiddenObject</include>
                    <label>$VAR[value_ground2_value]</label>
                </control>
                <control type="label" id="5303">
                    <include>HiddenObject</include>
                    <label>$VAR[value_ground3_value]</label>
                </control>
                <control type="label" id="5304">
                    <include>HiddenObject</include>
                    <label>$VAR[value_ground4_value]</label>
                </control>
            </control>
            <!-- ID="50" -->
            <control type="list" id="50">
                <posy>11</posy>
                <posx>55</posx>
                <width>1880</width>
                <height>722</height>
                <onleft>9000</onleft>
                <onright condition="Skin.HasSetting(EnableQuickJump)">6000</onright>
                <onright condition="!Skin.HasSetting(EnableQuickJump)">60</onright>
                <onup>50</onup>
                <ondown>50</ondown>
                <pagecontrol>60</pagecontrol>
                <viewtype label="31443">list</viewtype>
                <include content="View_Forced">
                    <param name="viewtype" value="$LOCALIZE[31443]" />
                </include>
                <scrolltime>300</scrolltime>
                <!-- All Other x=570 w=1180 -->
                <itemlayout condition="![Container.content(MusicVideos) | Container.Content(movies) | Container.Content(tvshows) | Container.Content(seasons) | Container.Content(episodes) | [Window.IsActive(tvchannels) | Window.IsActive(tvguide) | Window.IsActive(tvtimers) | Window.IsActive(tvsearch) | Window.IsActive(tvrecordings)]]" width="1900" height="63">
                    <control type="label">
                        <!--Label 1-->
                        <posx>563</posx>
						<posy>0</posy>
                        <width>1234</width>
                        <font>Reg28</font>
                        <textcolor>$INFO[Skin.String(ViewDetailsListItemTextColor)]</textcolor>
                        <label>$VAR[ListTitle]</label>
                    </control>
                    <control type="image">
                        <!--Separator-->
                        <posx>556</posx>
                        <posy>63</posy>
                        <width>1242</width>
                        <height>2</height>
                        <fadetime>400</fadetime>
                        <colordiffuse>list_separator</colordiffuse>
                        <texture>common/separator.png</texture>
                    </control>
                </itemlayout>
                <focusedlayout condition="![Container.content(MusicVideos) | Container.Content(movies) | Container.Content(tvshows) | Container.Content(seasons) | Container.Content(episodes) | [Window.IsActive(tvchannels) | Window.IsActive(tvguide) | Window.IsActive(tvtimers) | Window.IsActive(tvsearch) | Window.IsActive(tvrecordings)]]" width="1900" height="90">
                    <control type="image">
						<right>95</right>
						<posy>0</posy>
						<height>90</height>
						<width>1256</width>
						<texture border="10">diffuse/panel.png</texture>
						<colordiffuse>$INFO[Skin.String(ViewDetailsFocusColor)]</colordiffuse>
					</control>
                    <control type="label">
                        <!--Label 1-->
                        <posx>563</posx>
						<posy>-2</posy>
                        <width>1234</width>
                        <height>55</height>
                        <font>Reg36</font>
						<scroll>true</scroll>
                        <textcolor>$INFO[Skin.String(ViewDetailsListItemTextFocusColor)]</textcolor>
                        <label>$VAR[ListTitle]</label>
                    </control>
                    <control type="label">
                        <!--Label 2-->
                        <posx>563</posx>
                        <posy>49</posy>
                        <width>1234</width>
                        <height>30</height>
                        <font>Light30</font>
						<scroll>true</scroll>
                        <textcolor>$INFO[Skin.String(ViewDetailsListItemTextFocusColor)]</textcolor>
                        <label>$VAR[ListDetails]</label>
                        <visible>!String.IsEqual(ListItem.Label,..)</visible>
                    </control>
                    <control type="image">
                        <!--Separator-->
                        <posx>556</posx>
                        <posy>90</posy>
                        <width>1242</width>
                        <height>2</height>
                        <fadetime>400</fadetime>
                        <colordiffuse>list_separator</colordiffuse>
                        <texture>common/separator.png</texture>
                    </control>					
                </focusedlayout>
                <!-- Music-Videos, Movies, TV-Shows, seasons x=1165 w=580 -->
                <itemlayout condition="[Container.content(MusicVideos) | Container.Content(movies) | Container.Content(tvshows) | Container.Content(seasons)] + ![Skin.HasSetting(View50_ShowBanners) + [Container.Content(tvshows) | Container.Content(movies) | Container.Content(seasons)]]" width="1800" height="63">
                    <control type="label">
                        <!--Label 1-->
                        <posx>1113</posx>
						<posy>0</posy>
                        <width>678</width>
                        <font>Reg28</font>
                        <textcolor>$INFO[Skin.String(ViewDetailsListItemTextColor)]</textcolor>
                        <label>$VAR[ListTitle]</label>
                    </control>
                    <control type="image">
                        <!--Separator-->
                        <posx>1106</posx>
                        <posy>63</posy>
						<width>692</width>
                        <height>2</height>
                        <fadetime>400</fadetime>
                        <colordiffuse>list_separator</colordiffuse>
                        <texture>common/separator.png</texture>
                    </control>
                </itemlayout>
                <focusedlayout condition="[Container.content(MusicVideos) | Container.Content(movies) | Container.Content(tvshows) | Container.Content(seasons)] + ![Skin.HasSetting(View50_ShowBanners) + [Container.Content(tvshows) | Container.Content(movies) | Container.Content(seasons)]]" width="1800" height="90">
                    <control type="image">
						<right>-5</right>
						<posy>0</posy>
						<height>90</height>
						<width>706</width>
						<texture border="10">diffuse/panel.png</texture>
						<colordiffuse>$INFO[Skin.String(ViewDetailsFocusColor)]</colordiffuse>						
					</control>
                    <control type="label">
                        <!--Label 1-->
                        <posx>1113</posx>
						<posy>-2</posy>
                        <width>678</width>
                        <height>55</height>
                        <font>Reg36</font>
						<scroll>true</scroll>
                        <textcolor>$INFO[Skin.String(ViewDetailsListItemTextFocusColor)]</textcolor>
                        <label>$VAR[ListTitle]</label>
                    </control>
                    <control type="label">
                        <!--Label 2-->
                        <posx>1113</posx>
                        <posy>50</posy>
                        <width>678</width>
                        <height>30</height>
                        <font>Light28</font>
						<scroll>true</scroll>
                        <textcolor>$INFO[Skin.String(ViewDetailsListItemTextFocusColor)]</textcolor>
                        <label>$VAR[ListDetails]</label>
                        <visible>!String.IsEqual(ListItem.Label,..)</visible>
                    </control>
                    <control type="image">
                        <!--Separator-->
                        <posx>1106</posx>
                        <posy>90</posy>
						<width>692</width>
                        <height>2</height>
                        <fadetime>400</fadetime>
                        <colordiffuse>list_separator</colordiffuse>
                        <texture>common/separator.png</texture>
                    </control>				
                </focusedlayout>
     			<!-- Episodes, pvr timers, pvr search, pvr recordings x=980 w=765 -->
                <itemlayout condition="Container.Content(episodes) | Window.IsActive(tvtimers) | Window.IsActive(tvrecordings) | Window.IsActive(tvsearch)" width="1800" height="63">
                    <control type="label">
                        <!--Label 1-->
                        <posx>986</posx>
						<posy>0</posy>
                        <width>805</width>
                        <font>Reg28</font>
                        <textcolor>$INFO[Skin.String(ViewDetailsListItemTextColor)]</textcolor>
                        <label>$VAR[ListTitle]</label>
                    </control>
                    <control type="image">
                        <!--Separator-->
                        <posx>979</posx>
                        <posy>63</posy>
                        <width>819</width>
                        <height>2</height>
                        <fadetime>400</fadetime>
                        <colordiffuse>list_separator</colordiffuse>
                        <texture>common/separator.png</texture>
                    </control>
                </itemlayout>
                <focusedlayout condition="Container.Content(episodes) | Window.IsActive(tvtimers) | Window.IsActive(tvrecordings) | Window.IsActive(tvsearch)" width="1800" height="90">
                    <control type="image">
						<right>-5</right>
						<posy>0</posy>
						<height>90</height>
						<width>833</width>
						<texture border="10">diffuse/panel.png</texture>
						<colordiffuse>$INFO[Skin.String(ViewDetailsFocusColor)]</colordiffuse>						
					</control>
                    <control type="label">
                        <!--Label 1-->
                        <posx>986</posx>
						<posy>-2</posy>
                        <width>805</width>
                        <height>54</height>
                        <font>Reg36</font>
						<scroll>true</scroll>
                        <textcolor>$INFO[Skin.String(ViewDetailsListItemTextFocusColor)]</textcolor>
                        <label>$VAR[ListTitle]</label>
                    </control>
                    <control type="label">
                        <!--Label 2-->
                        <posx>986</posx>
                        <posy>50</posy>
                        <width>805</width>
                        <height>30</height>
                        <font>Light28</font>
						<scroll>true</scroll>
                        <textcolor>$INFO[Skin.String(ViewDetailsListItemTextFocusColor)]</textcolor>
                        <label>$VAR[ListDetails]</label>
                        <visible>!String.IsEqual(ListItem.Label,..)</visible>
                    </control>
                    <control type="image">
                        <!--Separator-->
                        <posx>979</posx>
                        <posy>90</posy>
                        <width>819</width>
                        <height>2</height>
                        <fadetime>400</fadetime>
                        <colordiffuse>list_separator</colordiffuse>
                        <texture>common/separator.png</texture>
                    </control>					
                </focusedlayout>
                <!-- pvr channels -->
                <itemlayout condition="Window.IsActive(tvchannels)" height="60" width="1900">
                    <control type="label">
                        <!--Channel Number-->
                        <posx>1030</posx>
                        <posy>5</posy>
                        <width>100</width>
                        <height>50</height>
                        <font>Reg29</font>
                        <textcolor>$INFO[Skin.String(ViewDetailsListItemTextColor)]</textcolor>
                        <align>left</align>
                        <info>ListItem.ChannelNumberLabel</info>
                    </control>
                    <control type="image">
                        <!--Rec-->
                        <posx>1185</posx>
                        <posy>0</posy>
                        <width>55</width>
                        <height>55</height>
                        <texture>pvr/icons/pvr_record.png</texture>
                        <visible>ListItem.IsRecording</visible>
                        <aspectratio align="center" aligny="center">keep</aspectratio>
                    </control>
                    <control type="image">
                        <!--Now Playing Icon-->
                        <posx>1185</posx>
                        <posy>0</posy>
                        <width>55</width>
                        <height>55</height>
                        <fadetime>600</fadetime>
                        <texture>pvr/icons/pvr_play.png</texture>
                        <visible>ListItem.Isplaying</visible>
                        <visible>!ListItem.IsRecording</visible>
                        <aspectratio align="center" aligny="center">keep</aspectratio>
                    </control>
                    <control type="image">
                        <!--Chanel Icon-->
                        <posx>1100</posx>
                        <posy>5</posy>
                        <width>48</width>
                        <height>48</height>
                        <texture background="true">$INFO[ListItem.Art(thumb)]</texture>
                        <aspectratio align="center" aligny="center">keep</aspectratio>
                    </control>
                    <control type="label">
                        <!--Channel Name-->
                        <animation effect="slide" start="0" end="50" time="0" reversible="false" condition="[ListItem.Isplaying | ListItem.IsRecording]">Conditional</animation>
                        <posx>1200</posx>
                        <width>545</width>
                        <height>55</height>
                        <font>Reg29</font>
                        <textcolor>$INFO[Skin.String(ViewDetailsListItemTextColor)]</textcolor>
                        <align>left</align>
                        <aligny>center</aligny>
                        <label>$INFO[ListItem.Label]</label>
                    </control>
                    <control type="image">
                        <!--Separator-->
                        <posx>1024</posx>
                        <posy>56</posy>
                        <width>774</width>
                        <height>2</height>
                        <fadetime>400</fadetime>
                        <colordiffuse>list_separator</colordiffuse>
                        <texture>common/separator.png</texture>
                    </control>
                </itemlayout>
                <focusedlayout condition="Window.IsActive(tvchannels)" height="90" width="1900">
                    <control type="image">
                        <right>80</right>
                        <posy>0</posy>
                        <height>86</height>
                        <width>810</width>
                        <texture border="10">diffuse/panel.png</texture>
                        <colordiffuse>$INFO[Skin.String(ViewDetailsFocusColor)]</colordiffuse>
                    </control>
                    <control type="label">
                        <!--Channel Number-->
                        <posx>1030</posx>
                        <posy>5</posy>
                        <width>80</width>
                        <height>80</height>
                        <font>Reg29</font>
                        <textcolor>$INFO[Skin.String(ViewDetailsListItemTextFocusColor)]</textcolor>
                        <info>ListItem.ChannelNumberLabel</info>
                    </control>
                    <control type="image">
                        <!--Rec-->
                        <posx>1185</posx>
                        <posy>0</posy>
                        <width>55</width>
                        <height>55</height>
                        <texture>pvr/icons/pvr_record.png</texture>
                        <visible>ListItem.IsRecording</visible>
                        <aspectratio align="center" aligny="center">keep</aspectratio>
                    </control>
                    <control type="image">
                        <!--Now Playing Icon-->
                        <posx>1185</posx>
                        <posy>0</posy>
                        <width>55</width>
                        <height>55</height>
                        <fadetime>600</fadetime>
                        <texture>pvr/icons/pvr_play.png</texture>
                        <visible>ListItem.Isplaying</visible>
                        <visible>!ListItem.IsRecording</visible>
                        <aspectratio align="center" aligny="center">keep</aspectratio>
                    </control>
                    <control type="image">
                        <!--Chanel Icon-->
                        <posx>1085</posx>
                        <posy>5</posy>
                        <width>78</width>
                        <height>78</height>
                        <texture background="true">$INFO[ListItem.Art(thumb)]</texture>
                        <aspectratio align="center" aligny="center">keep</aspectratio>
                    </control>
                    <control type="label">
                        <!--Channel Name-->
                        <animation effect="slide" start="0" end="50" time="0" reversible="false" condition="[ListItem.Isplaying | ListItem.IsRecording]">Conditional</animation>
                        <posx>1200</posx>
                        <width>545</width>
                        <height>55</height>
                        <font>Reg29</font>
                        <textcolor>$INFO[Skin.String(ViewDetailsListItemTextFocusColor)]</textcolor>
                        <label>$INFO[ListItem.Label]</label>
                    </control>
                    <control type="label">
                        <!--Channel Now Playing-->
                        <posx>1200</posx>
                        <posy>50</posy>
                        <width>545</width>
                        <height>33</height>
                        <font>Light28</font>
                        <textcolor>$INFO[Skin.String(ViewDetailsListItemTextFocusColor)]</textcolor>
                        <label>[B]$INFO[ListItem.Title][/B]</label>
                    </control>
                    <control type="image">
                        <!--Separator-->
                        <posx>1024</posx>
                        <posy>86</posy>
                        <width>774</width>
                        <height>2</height>
                        <fadetime>400</fadetime>
                        <colordiffuse>list_separator</colordiffuse>
                        <texture>common/separator.png</texture>
                    </control>
                </focusedlayout>				
            </control>
        
        <control type="group">
            <visible>Integer.IsGreater(Container.NumItems,0)</visible>                       
            <!-- poster images -->
            <control type="group">
                <!--Poster-->
                <visible>!Container.Content(episodes)</visible>
                <visible>![Window.IsActive(tvchannels) | Window.IsActive(tvguide) | Window.IsActive(tvtimers) | Window.IsActive(tvsearch) | Window.IsActive(tvrecordings)]</visible>
                <visible>Integer.IsGreater(Container.NumItems,0)</visible>
				<posy>3</posy>
				<posx>52</posx>
				<height>736</height>
				<width>500</width>
                <bordersize>8</bordersize>
				<control type="image">
					<aspectratio align="center" aligny="center" scalediffuse="true">stretch</aspectratio>
					<texture background="true" diffuse="diffuse/poster_big.png" fallback="DefaultVideo.png">$VAR[PosterThumb]</texture>
					<bordersize>8</bordersize>
                    <visible>[!String.IsEmpty(ListItem.Art(poster)) | !String.IsEmpty(ListItem.Art(tvshow.poster))]</visible>
                    <visible>![ListItem.IsCollection + Skin.HasSetting(EmbyCovertArtEnabled)]</visible>
				</control>
                <control type="image">
					<aspectratio align="left" aligny="center" scalediffuse="true">keep</aspectratio>
					<texture background="true" diffuse="diffuse/poster_big.png" fallback="DefaultVideo.png">$VAR[PosterThumb]</texture>
					<bordersize>8</bordersize>
                    <visible>[ListItem.IsCollection + Skin.HasSetting(EmbyCovertArtEnabled)]</visible>
				</control>
                <control type="image">
					<aspectratio align="center" aligny="top" scalediffuse="true">keep</aspectratio>
					<texture background="true" diffuse="diffuse/panel2.png" fallback="DefaultVideo.png">$VAR[PosterThumb]</texture>
					<bordersize>8</bordersize>
                    <visible>![ListItem.IsCollection + Skin.HasSetting(EmbyCovertArtEnabled)]</visible>
                    <visible>String.IsEmpty(ListItem.Art(poster)) + String.IsEmpty(ListItem.Art(tvshow.poster))</visible>
				</control>
                <control type="group">
                    <right>8</right>
                    <posy>8</posy>
                    <include>WatchedIndicatorLarge</include>
                    <visible>![ListItem.IsCollection + Skin.HasSetting(EmbyCovertArtEnabled)]</visible>
                </control>
            </control>
			<!--Episodes Thumb-->
			<control type="group">
				<visible>Container.Content(episodes)</visible>
					<posx>61</posx>
					<posy>11</posy>
					<width>370</width>
					<height>220</height>
				<control type="image">					
					<aspectratio align="center" aligny="center" scalediffuse="true">keep</aspectratio>
					<texture background="true" diffuse="diffuse/landscape.png" fallback="resource://resource.images.skinicons.wide/video.png">$VAR[LandscapeImage]</texture>
				</control>
				<control type="group">
					<include>WatchedIndicatorSmall</include>
					<visible>![ListItem.IsCollection + Skin.HasSetting(EmbyCovertArtEnabled)]</visible>
				</control>
			</control>	
        </control>
        </control>
	   	<!--vertical Scollbar-->
		<control type="scrollbar" id="60">
			<visible>Control.IsVisible(50) + Integer.IsGreater(Container.NumItems,0)</visible>
			<right>15</right>
			<posy>215</posy>
			<height>720</height>
			<onup>60</onup>
			<ondown>6000</ondown>
			<onleft>50</onleft>
			<animation effect="fade" start="0" end="100" time="400" condition="[Control.HasFocus(60) | Container.Scrolling | String.IsEqual(Skin.String(scrollbar_visibility),always_show)] + !Control.IsVisible(6002)">Conditional</animation>
			<animation effect="fade" start="100" end="0" time="400" condition="![Control.HasFocus(60) | Container.Scrolling | String.IsEqual(Skin.String(scrollbar_visibility),always_show)] | Control.IsVisible(6002)">Conditional</animation>
		</control>
      </control>
 	</include>
</includes>