<views>
    <view id="Simple List" value="10" languageid="31567" type="tvchannels,tvrecordings"/>
    <view id="List" value="50" languageid="31443" type="all,!tvchannels,!tvrecordings" excludefromdisable="true"/>
    <view id="NikeFlix Main Landscape" value="523" languageid="31018" type="movies,setmovies,tvshows,seasons,episodes,sets,musicvideos" />
    <view id="NikeFlix Main Poster" value="526" languageid="31027" type="movies,setmovies,tvshows,seasons,sets,actors" excludefromdisable="true"/>
    <view id="NikeFlix Episodes" value="525" languageid="31827" type="episodes" excludefromdisable="true"/>
	<view id="NikeFlix Seasons" value="527" languageid="31095" type="seasons" excludefromdisable="true"/>
    <view id="Big List" value="51" languageid="31444" type="all" />
    <view id="Big List 2" value="504" languageid="31643" type="!episodes,all" />
    <view id="Panel" value="54" languageid="31680" type="!episodes,all" />
    <view id="Panel details" value="53" languageid="31422" type="!episodes,all" />
    <view id="Panel Wall" value="520" languageid="31423" type="!episodes,all" />
    <view id="Big Panel" value="57" languageid="31426" type="!episodes,all" />
    <view id="Big Panel details" value="59" languageid="31428" type="!episodes,all" />
    <view id="Big Panel Wall" value="519" languageid="31666" type="!episodes,all" />
    <view id="Horizontal Panel" value="52" languageid="31445" type="!episodes,all" />
    <view id="Panel Square" value="509" languageid="31436" type="all" />	
	<view id="Panel Square details" value="510" languageid="31437" type="all" />	
    <view id="Thumbs" value="511" languageid="31438" type="all" />
	<view id="Thumbs details" value="512" languageid="31439" type="all" />
    <view id="Landscape" value="501" languageid="31430" type="movies,setmovies,tvshows,seasons,episodes,sets,musicvideos,images" />
	<view id="Landscape Single Row" value="502" languageid="31431" type="movies,setmovies,tvshows,seasons,episodes,sets,musicvideos" />
    <view id="Landscape details" value="505" languageid="31432" type="movies,setmovies,tvshows,seasons,episodes,sets,musicvideos" />
    <view id="Banner list" value="55" languageid="31424" type="movies,setmovies,tvshows,musicvideos,seasons,sets" />
    <view id="Banner Plex" value="56" languageid="31425" type="movies,setmovies,tvshows,musicvideos,seasons,sets" />
    <view id="Single Poster" value="508" languageid="31435" type="movies,setmovies,tvshows,musicvideos,seasons,sets" />	
    <view id="Poster Row" value="513" languageid="31440" type="movies,setmovies,tvshows,musicvideos,seasons,sets,genres" />	
	<view id="Poster Shift" value="514" languageid="31441" type="movies,setmovies,tvshows,musicvideos,seasons,sets,genres" />
	<view id="Showcase" value="524" languageid="31429" type="movies,setmovies,tvshows,musicvideos,seasons,sets" />
    <view id="FanArt" value="507" languageid="31434" type="movies,setmovies,tvshows,musicvideos,seasons,sets,pictures" />
</views>