<?xml version="1.0" encoding="utf-8"?>
<!-- BINGIE -->
<addon id="skin.titan.bingie.mod" version="2.1.1" name="Titan BINGIE MOD" provider-name="AchillesPunks, HugoL, Matke">
	<requires>
		<import version="5.15.0" addon="xbmc.gui"/>
		<import addon="script.bingie.helper" version="1.1.2"/>
		<import addon="script.skinshortcuts" version="2.1.0"/>
		<import addon="script.skin.helper.service" version="1.2.0"/>
        <import addon="script.skin.helper.widgets" version="1.1.2"/>
        <import addon="script.skin.helper.backgrounds" version="1.0.36"/>
        <import addon="resource.images.skinbackgrounds.titanium" version="1.0.0"/>
        <import addon="resource.images.skinicons.wide" version="1.0.5"/>
        <import addon="resource.images.backgroundoverlays.basic" version="1.0.0"/>
		<import addon="resource.images.studios.coloured" version="0.0.23" />
		<import addon="resource.images.languageflags.colour" version="0.0.5" />
		<import addon="plugin.video.themoviedb.helper" version="5.0.41" />
		<import addon="plugin.program.autocompletion" version="2.1.2" />
	</requires>
	<extension point="xbmc.gui.skin" debugging="false">
		<res width="1920" height="1080" aspect="16:9" default="true" folder="xml" />
		<res width="1920" height="1200" aspect="16:10" default="false" folder="xml" />
	</extension>
	<extension point="xbmc.addon.metadata">
		<summary lang="en_GB">Titan BINGIE MOD... The new Titan skin for Kodi Matrix.</summary>
		<description>Titan is back for Kodi Matrix with the new NETFLIX layout!</description>
		<platform>all</platform>
		<license>GPL v2.0</license>
		<forum>https://forum.kodi.tv/showthread.php?tid=355993</forum>
		<website>https://forum.kodi.tv/showthread.php?tid=355993</website>
		<email></email>
		<source>https://github.com/AchillesPunks/skin.titan.bingie.mod/</source>
		<assets>
			<icon>resources/icon.png</icon>
			<fanart>resources/fanart.jpg</fanart>
			<screenshot>resources/screenshot000.jpg</screenshot>
			<screenshot>resources/screenshot001.jpg</screenshot>
			<screenshot>resources/screenshot002.jpg</screenshot>
			<screenshot>resources/screenshot003.jpg</screenshot>
			<screenshot>resources/screenshot004.jpg</screenshot>
			<screenshot>resources/screenshot005.jpg</screenshot>
			<screenshot>resources/screenshot006.jpg</screenshot>
			<screenshot>resources/screenshot007.jpg</screenshot>
			<screenshot>resources/screenshot008.jpg</screenshot>
			<screenshot>resources/screenshot009.jpg</screenshot>
		</assets>
		<news>
			[B]Titan BINGIE MOD v2[/B][CR]Follow the forum thread about the latest news for the skin.[CR]https://forum.kodi.tv/showthread.php?tid=355993
		</news>
	</extension>
</addon>
