<?xml version="1.0" encoding="UTF-8" standalone="yes"?>
<addon id="repository.NikeFlix" name="NikeFlix repository" version="2.0.6" provider-name="TanDMoss">
    <extension point="xbmc.addon.repository" name="NikeFlix repository">
        <dir>
            <info compressed="false">https://raw.githubusercontent.com/tandmoss/repository.TanKodi/master/repo/zips/addons.xml</info>
            <checksum>https://raw.githubusercontent.com/tandmoss/repository.TanKodi/master/repo/zips/addons.xml.md5</checksum>
            <datadir zip="true">https://raw.githubusercontent.com/tandmoss/repository.TanKodi/master/repo/zips/</datadir>
        </dir>
    </extension>
    <extension point="xbmc.addon.metadata">
        <summary>NikeFlix repository</summary>
        <description>NikeFlix repository</description>
        <disclaimer></disclaimer>
        <platform>all</platform>
        <assets>
            <icon>icon.png</icon>
            <fanart>fanart.jpg</fanart>
        </assets>
    </extension>
</addon>
