<?xml version="1.0" encoding="utf-8"?>
<!-- BINGIE -->
<window>
    <defaultcontrol always="true">1000</defaultcontrol>
    <controls>
		
		<control type="button">
			<posx>0</posx>
			<posy>0</posy>
			<width>100%</width>
			<height>100%</height>
			<align>center</align>
			<aligny>center</aligny>
			<font>Light28</font>
			<label/>
			<textcolor/>
			<focusedcolor/>
			<disabledcolor/>
			<texturefocus>colors/color_transparent.png</texturefocus>
			<texturenofocus/>
			<onclick>back</onclick>
		</control>
		
		<include condition="Skin.HasSetting(smallContextMenu)">DialogContextMenuClassic</include>
        <include condition="!Skin.HasSetting(smallContextMenu)">DialogContextMenuModern</include>
	
	</controls>
</window>