<!-- Enable Snow -->
		<control type="radiobutton" id="2010">

<!-- Enable MPAA Label -->
		<control type="radiobutton" id="2011">
		
<!-- Enable MPAA Colored  Icons -->
        <control type="radiobutton" id="2012">

<!-- Disable Static Slim Menu -->    
		<control type="radiobutton" id="2013">		

<!-- Season Greetings  -->    <!-- This is a Label not a Button -->
		<control type="textbox" id="2013">
		
<!-- Enable Netflix Logo on Bingie Home -->
        <control type="radiobutton" id="2014">

<!-- Disable profile on menu -->    
		<control type="radiobutton" id="2015">

<!-- Enable Fixed Focus Widgets in Vertical Scrolling -->
        <control type="radiobutton" id="2016">

<!-- Enable Fixed Frame in Home & Hubs (Moving Frame) -->
        <control type="radiobutton" id="2017">

<!--Enable Audio Icons-->
        <control type="radiobutton" id="2018">
		
<!--Enable US Icons-->
        <control type="radiobutton" id="2019">		

<!--Enable UK Icons-->
        <control type="radiobutton" id="2020">

<!--Bingie Home Enable Widgets Zoom Effect-->
        <control type="radiobutton" id="2021">

<!-- Disable SideBlade/Options Menu Indicator -->
		<control type="radiobutton" id="2022">
		
<!-- Enable Animated Discart on Supported OSD -->
        <control type="radiobutton" id="2023">

<!-- Enable Finish Time, Current Time, & Total Duration for OSD Playback -->
        <control type="radiobutton" id="2024">

<!-- Show ClearArt instead of Clearlogo on Pause  -->
		<control type="radiobutton" id="2025">
            
<!-- Show Clearart instead of ClearLogo on Infopane -->
		<control type="radiobutton" id="2026">
            
<!-- Enable Seek/Jump Indicator -->
		<control type="radiobutton" id="2027">	

<!-- Disable Top250 Sublabel on home and bingie views -->
		<control type="radiobutton" id="2028">
		
<!--Enable New circular navigation-->
        <control type="radiobutton" id="2029">

<!-- Disable Sub Label on Home Spotlight -->
		<control type="radiobutton" id="2030">

<!--Fake Codec info on Details Row (if no codec info is present)-->
		<control type="radiobutton" id="2031">
            
<!--TV Show Status on Details Row Home & Bingie Views-->
		<control type="radiobutton" id="2032">
		
<!--Enable Audio Codecs ATMOS only-->
		<control type="radiobutton" id="2033">

<!-- Season Greetings  -->    <!-- This is a Label not a Button -->
		<control type="textbox" id="2034">

<!-- Disable Spotlight Slide Animation-->	
		<control type="radiobutton" id="2035">

<!-- Prefer stars ratings in bingie views (temp changed to RT/IMDB ratings -->
        <control type="radiobutton" id="2036">

<!-- Prefer Colored Sub Label on Home Spotlight -->	
		<control type="radiobutton" id="2037">

<!-- Prefer Colored Top250 Sublabel on Spotlight Details Row -->	
		<control type="radiobutton" id="2038">
            
<!--Enable New footer -->
        <control type="radiobutton" id="2039">

<!--Prefer white footer -->
		<control type="radiobutton" id="2040">
		
<!-- Enable New Corner Spotlight  -->	
		<control type="radiobutton" id="2041">
		
<!-- White RT/IMDB/TVDB ratings on details row -->
        <control type="radiobutton" id="2042">
		
<!--Enable RT Audience (if default) -->
		<control type="radiobutton" id="2043">
		
<!-- Disable Total Media Count In Bingie Library Views  -->	
		<control type="radiobutton" id="2044">

<!-- Disable Continue Watching Movie Percentage -->
        <control type="radiobutton" id="2045">

<!-- Enable Plot on Pause -->
        <control type="radiobutton" id="2046">

<!-- Enable round spotlight icons  -->
        <control type="radiobutton" id="2047">

<!-- Enable Pumpkins -->
        <control type="radiobutton" id="2048">
		
<!-- Enable Top 250 on Posters -->
        <control type="radiobutton" id="2049">
		
<!-- Prefer white details icons -->
        <control type="radiobutton" id="2050">
		
<!-- Disable Top 250 Label from Info Dialog -->
        <control type="radiobutton" id="2051">
		
<!-- Prefer White Top250 Sublabel on Vido Info -->
        <control type="radiobutton" id="2052">
		
<!-- Enable Netflix User Icons -->
        <control type="radiobutton" id="2053">
		
<!-- Fixed US MPAA Panel Size -->
        <control type="radiobutton" id="2054">
		
<!-- Ratings on Home -->
        <control type="radiobutton" id="2055">
		
<!-- Ratings on Views -->
        <control type="radiobutton" id="2056">
		
<!-- Extra fanart -->
        <control type="radiobutton" id="2057">
		
<!-- TMDB Search Options -->
        <control type="radiobutton" id="2058">	
		
<!-- Netflix pause -->
        <control type="radiobutton" id="2059">

<!-- Replace Choose Artwork with Artwork Beef -->
        <control type="radiobutton" id="2060">			

<!-- Enable Fallback Logo Image on Thumbs -->
        <control type="radiobutton" id="2061">
		
<!-- Enable Ratings in Views -->
        <control type="radiobutton" id="2062">
		
<!-- Enable Ratings on Home and Bingie Views -->
        <control type="radiobutton" id="2063">
		
<!-- Enable Studio Logo On Home and Bingie Views -->
        <control type="radiobutton" id="2064">
		
<!-- Enable Highlight Widget -->
        <control type="radiobutton" id="2065">
		
<!-- New Bingie Animation -->
        <control type="radiobutton" id="2066">		
		
<!--show fanart thumb in bingie seasons -->
        <control type="radiobutton" id="2067">

<!--Enable Bingie Search TMDB Helper -->
        <control type="radiobutton" id="2068">		
		
<!--Enable Bingie Search Library -->
        <control type="radiobutton" id="2069">	
		
<!--Lists filter -->
        <control type="radiobutton" id="2070">	

<!--Disable collection -->
        <control type="radiobutton" id="2071">	

<!--Enable library list -->
        <control type="radiobutton" id="2072">

<!--Enable TMDbHelper list -->
        <control type="radiobutton" id="2073">	
		
<!--Enable Streamin services filter -->
        <control type="radiobutton" id="2074">	
		
<!--Disable fanart.tv artwork info dialog widgets -->
        <control type="radiobutton" id="2075">

<!--Disable fanart.tv artwork info dialog widgets -->
        <control type="radiobutton" id="2076">	

<!--Number of roles -->
        <control type="radiobutton" id="2077">	

<!-- Replace Credits & More with Extended info -->
        <control type="radiobutton" id="2078">

<!-- Disable cast thumbnails in details -->
        <control type="radiobutton" id="2079">			
		
		
		