<?xml version="1.0" encoding="utf-8"?>
<window>
    <defaultcontrol always="true">500</defaultcontrol>
    <views>500</views>
    <controls>
		
        <control type="group">
            <!-- default animation -->
            <visible>!Player.HasVideo</visible>
			<include>GlobalBackground</include>
			
			<!-- panel background -->
			<control type="image">
				<posy>0</posy>
				<posx>0</posx>
				<width>100%</width>
				<height>100%</height>
				<texture border="5">diffuse/panel2.png</texture>
				<colordiffuse>$VAR[BingiePanelColor]</colordiffuse>
				<aspectratio>stretch</aspectratio>
			</control>
			
			<control type="image">
				<visible>!Skin.HasSetting(ExtendedInfoHidePanel)</visible>
                <include>FullscreenDimensions</include>
				<texture background="true" fallback="special://skin/resources/background.jpg">$INFO[ListItem.Art(fanart)]</texture>
				<colordiffuse>33ffffff</colordiffuse>
				<aspectratio>scale</aspectratio>
				<fadetime>400</fadetime>
				<animation effect="fade" end="100" time="300">WindowOpen</animation>
				<animation effect="fade" start="100" end="0" time="300">WindowClose</animation>
			</control>
			
			<control type="label">
				<posx>65</posx>
				<posy>14</posy>
				<width min="80" max="1400">auto</width>
				<height>100</height>
				<font>Bold45</font>
				<align>left</align>
				<textcolor>$INFO[Skin.String(HeaderTextColor)]</textcolor>
				<label>$INFO[Window.Property(Filter_Label)]</label>
				<shadowcolor>$INFO[Skin.String(HeaderTextShadowColor)]</shadowcolor>
				<visible>!String.IsEmpty(Window.Property(Filter_Label))</visible>
				<animation effect="fade" end="100" time="300">WindowOpen</animation>
				<animation effect="fade" start="100" end="0" time="300">WindowClose</animation>
			</control>
			<control type="label">
				<posx>65</posx>
				<posy>14</posy>
				<width min="80" max="1400">auto</width>
				<height>100</height>
				<font>Bold45</font>
				<align>left</align>
				<textcolor>$INFO[Skin.String(HeaderTextColor)]</textcolor>
				<label>$INFO[System.AddonTitle(script.extendedinfo)]</label>
				<shadowcolor>$INFO[Skin.String(HeaderTextShadowColor)]</shadowcolor>
				<visible>String.IsEmpty(Window.Property(Filter_Label))</visible>
				<animation effect="fade" end="100" time="300">WindowOpen</animation>
				<animation effect="fade" start="100" end="0" time="300">WindowClose</animation>
			</control>
			 <control type="label">
				<posy>89</posy>
				<posx>65</posx>
				<width min="0" max="1100">auto</width>
				<height>50</height>
				<label>$INFO[Window.Property(TotalItems),$ADDON[script.extendedinfo 32124]: ]$INFO[Window.Property(CurrentPage), - $ADDON[script.extendedinfo 32125]: ]$INFO[Window.Property(TotalPages), / ]</label>
				<font>Reg30</font>
				<textcolor>$INFO[Skin.String(HeaderTextColor)]</textcolor>
				<shadowcolor>$INFO[Skin.String(HeaderTextShadowColor)]</shadowcolor>
				<animation effect="fade" end="100" time="300">WindowOpen</animation>
				<animation effect="fade" start="100" end="0" time="300">WindowClose</animation>
			</control>
						
			<!-- movie items -->
            <control type="panel" id="500">
				<animation effect="fade" end="100" time="300">WindowOpen</animation>
				<animation effect="fade" start="100" end="0" time="300">WindowClose</animation>
                <posx>58</posx>
                <posy>172</posy>
                <width>1820</width>
                <height>870</height>
                <viewtype label="31234">icon</viewtype>
                <pagecontrol>72</pagecontrol>
                <preloaditems>2</preloaditems>
                <scrolltime tween="quadratic">300</scrolltime>
                <onleft>9000</onleft>
                <onright>72</onright>
                <onup>700</onup>
                <ondown>600</ondown>
                <orientation>vertical</orientation>
                <itemlayout height="434" width="260">
                                <control type="group">
                                    <width>244</width>
                                    <height>340</height>
                                    <include>PosterPanelExtendedInfo</include>
                                  </control>
								  <control type="group">
									<left>-2</left>
									<top>320</top>
									<control type="label">
										<width>248</width>
										<label>$INFO[ListItem.Label]</label>
										<font>reg22</font>
										<textoffsetx>10</textoffsetx>
										<scroll>false</scroll>
										<align>center</align>
										<textcolor>$INFO[Skin.String(ViewDetailsTextColor)]</textcolor>
									</control>
									<control type="label">
										<top>27</top>
										<width>248</width>
										<label>$INFO[ListItem.Year]</label>
										<font>reg22</font>
										<textoffsetx>10</textoffsetx>
										<scroll>false</scroll>
										<align>center</align>
										<textcolor>$INFO[Skin.String(ViewDetailsTextColor)]</textcolor>
									</control>
								</control>
                            </itemlayout>
                            <focusedlayout height="434" width="260">
                                <control type="group">
                                    <width>244</width>
                                    <height>340</height>
                                    <include>PosterPanelExtendedInfoFocus</include>
                                  </control>
								  <control type="group">
									<left>-2</left>
									<top>320</top>
									<control type="label">
										<width>248</width>
										<label>$INFO[ListItem.Label]</label>
										<font>reg22</font>
										<textoffsetx>10</textoffsetx>
										<scroll>true</scroll>
										<align>center</align>
										<textcolor>$INFO[Skin.String(ViewDetailsTextColor)]</textcolor>
									</control>
									<control type="label">
										<top>27</top>
										<width>248</width>
										<label>$INFO[ListItem.Year]</label>
										<font>reg22</font>
										<textoffsetx>10</textoffsetx>
										<scroll>true</scroll>
										<align>center</align>
										<textcolor>$INFO[Skin.String(ViewDetailsTextColor)]</textcolor>
									</control>
								</control>
                            </focusedlayout>
			
			</control>
     			
			<control type="button" id="600">
                <onfocus>SetFocus(500)</onfocus>
                <width>1</width>
                <height>1</height>
                <posx>-1000</posx>
            </control>
            <control type="button" id="700">
                <onfocus>SetFocus(500)</onfocus>
                <width>1</width>
                <height>1</height>
                <posx>-1000</posx>
            </control>
        </control>

        <control type="group">
     			
			<!-- side menu -->
			<include condition="!Skin.HasSetting(DisableSideBladeIndicator)">SideBladeMenuTabLeft</include>
			<control type="group">
            <posx>-660</posx>
			<posy>0</posy>
			<visible>!Window.IsActive(virtualkeyboard)</visible>
			<include condition="Skin.HasTheme(classic) | Skin.HasSetting(smallContextMenu)">SideBladeClassic</include>
			<include condition="![Skin.HasTheme(classic) | Skin.HasSetting(smallContextMenu)]">SideBladeModern</include>
            <!-- close dialog -->
            <control type="group">
                <posx>60</posx>
				<posy>1005</posy>
                <include condition="Skin.HasSetting(EnableTouchSupport)">close_button</include>
            </control>
            <!--Grouplist 9000-->
			<control type="grouplist" id="9000">
                <posx>21</posx>
                <posy>190</posy>
                <width>458</width>
                <height>755</height>
                <itemgap>3</itemgap>
                <onleft>500</onleft>
                <onright>500</onright>
				<onright>ClearProperty(ShowViewSubMenu,Home)</onright>
				<onleft>ClearProperty(ShowViewSubMenu,Home)</onleft>
				<onback>ClearProperty(ShowViewSubMenu,Home)</onback>
				<onback>500</onback>
                <onup>9000</onup>
                <ondown>9000</ondown>
                <orientation>vertical</orientation>
                <!--Buttons-->
                <control type="button" id="5007">
                    <label>$LOCALIZE[467]:</label> <!--564-->
                    <label2>$INFO[Window.Property(Type)]</label2>
                    <include>SideBladeMenuButton</include>
                </control>
				<control type="button" id="5001">
                    <onup>6000</onup>
                    <label>$ADDON[script.extendedinfo 32104]</label>
                    <label2>$INFO[Window.Property(Sort_Label)]</label2>
                    <include>SideBladeMenuButton</include>
                </control>
				<control type="button" id="5004">
                    <label>$ADDON[script.extendedinfo 32128]</label>
                    <label2>$INFO[Window.Property(Order_Label)]</label2>
                    <include>SideBladeMenuButton</include>
                </control>
                <control type="button" id="5002">
                    <label>$LOCALIZE[515]</label>
                    <include>SideBladeMenuButton</include>
                </control>
                <control type="button" id="5003">
                    <label>$LOCALIZE[172]</label>
                    <include>SideBladeMenuButton</include>
                </control>
                <control type="button" id="5006">
                    <label>$ADDON[script.extendedinfo 32127]</label>
                    <include>SideBladeMenuButton</include>
                </control>
                <control type="button" id="5008">
                    <label>$ADDON[script.extendedinfo 32126]</label>
                    <include>SideBladeMenuButton</include>
                </control>
                <control type="button" id="5009">
                    <label>$ADDON[script.extendedinfo 32114]</label>
                    <include>SideBladeMenuButton</include>
                </control>
                <control type="button" id="5010">
                    <label>$LOCALIZE[572]</label>
                    <include>SideBladeMenuButton</include>
                </control>
				<control type="button" id="5011">
                    <label>$LOCALIZE[2050]</label>
                    <include>SideBladeMenuButton</include>
                </control>
                <control type="button" id="5012">
                    <label>$ADDON[script.extendedinfo 32111]</label>
                    <include>SideBladeMenuButton</include>
                </control>
                <control type="button" id="5005">
                    <label>$ADDON[script.extendedinfo 32022]</label>
                    <include>SideBladeMenuButton</include>
                </control>
				<control type="button" id="6000">
					<label>$LOCALIZE[19140]</label>
					<include>SideBladeMenuButton</include>
				</control>
			</control>
		</control>	
			
     		</control>
    </controls>
</window>
