<?xml version="1.0" encoding="UTF-8"?>
<includes>
  
  <include name="View_510_PanelSquareDetails">
	
    <control type="group">
      <visible>Control.IsVisible(510)</visible>
      <include>animation_view_change</include>
	  
	  <!-- Fanart Image Added to View-->
            <control type="multiimage">
				<visible>!Skin.HasSetting(View510_DisableFanArt)</visible>
                <include>FullscreenDimensions</include>
                <texture border="15">diffuse/bgpanel.png</texture>
			    <colordiffuse>33ffffff</colordiffuse>
				<imagepath background="true">$VAR[backgroundVar]</imagepath>
                <aspectratio>scale</aspectratio>
                <fadetime>350</fadetime>
                <include>fanartSpeed</include>
                <randomize>true</randomize>
                <loop>yes</loop>
<!-- Background Animation -->
                <animation effect="zoom" start="110" end="130" center="auto" time="12000" tween="cubic" easing="inout" pulse="true" condition="Skin.HasSetting(BackgroundAnimation)">Conditional</animation>
                <animation effect="slide" start="-10,-10" end="10,10" time="8000" tween="cubic" easing="inout" pulse="true" condition="Skin.HasSetting(BackgroundAnimation)">Conditional</animation>
            </control>
	  
    <include>MovieDetailsLeft</include>
	  
	  
      <control type="panel" id="510">
        <animation effect="slide" end="-630" time="250" condition="Skin.HasSetting(View510_ShowInfoRight)">Conditional</animation>
        <viewtype label="31437">icons</viewtype>
          <include content="View_Forced">
              <param name="viewtype" value="$LOCALIZE[31437]" />
          </include>
        <right>41</right>
        <bottom>127</bottom>
        <height>744</height>
        <width>1200</width>
        <orientation>vertical</orientation>
        <onleft>9000</onleft>
		<onleft>CancelAlarm(preview_delay,silent)</onleft>
		<onleft condition="$EXP[IsPlayingUnrecognizedContent] + Skin.HasSetting(DetailsAutoTrailer) + [!String.IsEmpty(ListItem.Trailer) | !String.IsEmpty(Window(Home).Property(TrailerPlaying))] + !String.IsEqual(Window(Home).Property(TrailerPlaying),fullscreen)">PlayerControl(Stop)</onleft>
		<onback>CancelAlarm(preview_delay,silent)</onback>
		<onback condition="$EXP[IsPlayingUnrecognizedContent] + Skin.HasSetting(DetailsAutoTrailer) + [!String.IsEmpty(ListItem.Trailer) | !String.IsEmpty(Window(Home).Property(TrailerPlaying))] + !String.IsEqual(Window(Home).Property(TrailerPlaying),fullscreen)">PlayerControl(Stop)</onback>
        <onright condition="Skin.HasSetting(EnableQuickJump)">6000</onright>
        <onright condition="!Skin.HasSetting(EnableQuickJump)">60</onright>
        <onup>510</onup>
        <ondown>510</ondown>
        <preloaditems>4</preloaditems>
        <pagecontrol>60</pagecontrol>
          <itemlayout height="248" width="238">
            <control type="group">
                <width>238</width>
                <height>238</height>
                <include>SquarePosterPanelLayout</include>
            </control>
        </itemlayout>
        <focusedlayout height="248" width="238">
		  <control type="group">
                <width>238</width>
                <height>238</height>
                <include>SquarePosterPanelLayoutFocus</include>
              <include condition="Skin.HasSetting(DetailsAutoTrailer)">LibraryAutoTrailerStopButton</include>
						<include content="LibraryAutoTrailerStartButton" condition="Skin.HasSetting(DetailsAutoTrailer)">
							<param name="interval" value="$INFO[Skin.String(details_auto_trailer_interval)]" />
						</include>
            </control>
        </focusedlayout>
      </control>
      
	  
			<!--vertical Scollbar-->
		<control type="scrollbar" id="60">
			<visible>Control.IsVisible(510) + Integer.IsGreater(Container.NumItems,0)</visible>
			<right>10</right>
			<bottom>150</bottom>
			<height>718</height>
			<onup>60</onup>
			<ondown>6000</ondown>
			<onleft>510</onleft>
			<animation effect="fade" start="0" end="100" time="400" condition="[Control.HasFocus(60) | Skin.HasSetting(EnableTouchSupport) | Container.Scrolling | Skin.HasSetting(alwaysShowScrollbars)] + !Control.IsVisible(6002)">Conditional</animation>
			<animation effect="fade" start="100" end="0" time="400" condition="![Control.HasFocus(60) | Skin.HasSetting(EnableTouchSupport) | Container.Scrolling | Skin.HasSetting(alwaysShowScrollbars)] | Control.IsVisible(6002)">Conditional</animation>
		</control>
    
	  
    </control>
	
	

  </include>
</includes>
