<?xml version="1.0" encoding="UTF-8" standalone="yes"?>
<addon id="script.module.musicbrainz"
       name="Musicbrainz NGS webservice python bindings"
       version="0.7.0"
       provider-name="marcelveldt and others">
  <requires>
	<import addon="xbmc.python" version="3.0.0"/>
  </requires>
  <extension point="xbmc.python.module"
             library="lib" />
  <extension point="xbmc.addon.metadata">
    <summary>Python bindings for Musicbrainz' NGS webservice</summary>
    <description>Kodi module library for the Python bindings for Musicbrainz' NGS webservice developed by alastair.</description>
    <license>GNU GENERAL PUBLIC LICENSE V3</license>
    <source>https://github.com/kodi-community-addons/script.module.musicbrainz</source>
    <platform>all</platform>
<assets>
            <icon>icon.png</icon>
        </assets>
  </extension>
</addon>
