<?xml version="1.0" encoding="utf-8"?>
<!-- BINGIE -->
<window id="1115">
    <defaultcontrol always="true">77777</defaultcontrol>
    <menucontrol>900</menucontrol>
    <onload>AlarmClock(focusWidgets,SetFocus(77777),00:00,silent)</onload>
    <include>CustomBingieWinProps</include>
    <include>BingieViews_WindowOpen_Fade</include>
    <controls>
		<include>Defs_TMDbHelper_Loader</include>
		<!-- Hidden Top250 -->
		<control type="label" id="1719">
			<width>1</width>
			<height>1</height>
			<left>-1920</left>
			<visible>!String.IsEmpty(ListItem.Top250) | !String.IsEmpty(Container(99950).ListItem.Property(Top250))</visible>				
		</control>
        <!-- fake go-to-fullscreen button -->
        <control type="button" id="509">
            <visible allowhiddenfocus="true">false</visible>
            <onfocus>FullScreen</onfocus>
        </control>
        <include>GlobalBackground</include>
        <!--NowPlaying-->
        <include>NowPlayingBackground</include>
        <include>NowPlayingInfoBar</include>
        <!-- hidden submenu for count calculations -->
        <include condition="!Skin.HasSetting(DisableAllSubmenus)">hiddenSubmenu</include>
        <include>HomeBingie</include>
        <!-- Fixed Frame -->
        <include content="Bingie_Main_View_Fixed_Frame" condition="String.IsEqual(Skin.String(widgetstyle),poster) | String.IsEqual(Skin.String(widgetstyle),smallposter) | String.IsEqual(Skin.String(widgetstyle),posterdetails) | String.IsEqual(Skin.String(widgetstyle),singlebox) | String.IsEqual(Skin.String(widgetstyle),widebox)">
			<left>130</left>
            <param name="containerid" value="1510" />
            <param name="top" value="611" />
			<param name="width" value="240" />
			<param name="height" value="330" />
			<texture background="true" border="12">$INFO[Skin.String(thumbsborder_focused),bingie/border/poster_fo_,.png]</texture>
			<bordersize>2</bordersize>
			<param name="xAxisAnim" value="238" />
			<param name="yAxisAnim" value="340" />
        </include>
		<!-- Fixed Frame -->
        <include content="Bingie_Main_View_Fixed_Frame" condition="String.IsEqual(Skin.String(widgetstyle),landscape) | String.IsEqual(Skin.String(widgetstyle),landscapesmall) | String.IsEqual(Skin.String(widgetstyle),landscapelarge) | String.IsEqual(Skin.String(widgetstyle),landscapedetails)">
			<left>130</left>
            <param name="containerid" value="1510" />
            <param name="top" value="651" />
			<param name="width" value="335" />
			<param name="height" value="198" />
			<texture background="true" border="12">$INFO[Skin.String(thumbsborder_focused),bingie/border/thumb_fo_,.png]</texture>
			<bordersize>2</bordersize>
			<param name="xAxisAnim" value="333" />
			<param name="yAxisAnim" value="196" />
        </include>
        <!-- Loading Suggestions -->
        <include content="Busy_Spinner">
            <param name="centerleft" value="50%"/>
            <param name="centertop" value="50%"/>
            <param name="visibility" value="Container(1510).IsUpdating + !Integer.IsGreater(Container(1510).NumItems,0)"/>
            <param name="size" value="100"/>
        </include>
        <include condition="Skin.HasSetting(DebugGrid) | Skin.HasSetting(DebugInfo)">DebugInfo</include>
    </controls>
</window>
