<?xml version="1.0" encoding="UTF-8"?>
<!-- BINGIE -->
<window id="1101">
	<zorder>999</zorder>
	<defaultcontrol>101</defaultcontrol>
	<controls>
		<control type="group">
			<control type="image">
				<include>Visible_Fade</include>
				<include>FullscreenDimensions</include>
				<texture background="true" colordiffuse="$VAR[BingiePanelColor]">colors/color_white.png</texture>
			</control>
			<control type="image">
				<include>FullscreenDimensions</include>
				<texture background="true" border="50">special://home/addons/resource.images.backgroundoverlays.basic/resources/Square Grey.png</texture>
			</control>
			<control type="scrollbar" id="3000">
				<include>HiddenObject</include>
			</control>
			<control type="grouplist">
				<include>Startup_Dialog_OpenClose</include>
				<centerleft>50%</centerleft>
				<centertop>50%</centertop>
				<width>900</width>
				<height max="940">auto</height>
				<orientation>vertical</orientation>
				<itemgap>25</itemgap>
				<align>center</align>
				<!-- logo -->
				<control type="group">
					<width>320</width>
					<height>180</height>
					<control type="image">
						<left>290</left>
						<align>left</align>
						<width>100%</width>
						<height>100%</height>
						<aspectratio align="center">keep</aspectratio>
						<texture background="true">bingie_logo.png</texture>
					</control>
				</control>
				<!-- headline -->
				<control type="label">
					<width>100%</width>
					<height>26</height>
					<font>Bold28</font>
					<textcolor>$INFO[Skin.String(ViewDetailsTextColor)]</textcolor>
					<scroll>false</scroll>
					<align>left</align>
					<aligny>top</aligny>
					<label>$LOCALIZE[31387]</label>
				</control>
				<!-- message -->
				<control id="5" type="textbox">
					<centerleft>50%</centerleft>
					<width>100%</width>
					<height max="745">auto</height>
					<font>Light24</font>
					<autoscroll>false</autoscroll>
					<align>left</align>
					<textcolor>$INFO[Skin.String(BingiePrimaryTextColor)]</textcolor>
					<aligny>top</aligny>
					<pagecontrol>3000</pagecontrol>
					<label>$LOCALIZE[31388]</label>
				</control>
				<!-- Button -->
				<control type="grouplist" id="100">
					<height>55</height>
					<width>100%</width>
					<orientation>horizontal</orientation>
					<itemgap>25</itemgap>
					<align>center</align>
					<onright>noop</onright>
					<onleft>noop</onleft>
					<onback>noop</onback>
					<control type="button" id="101">
						<width min="300">auto</width>
						<height>55</height>
						<font>Reg24</font>
						<textcolor>white</textcolor>
						<focusedcolor>white</focusedcolor>
						<selectedcolor>white</selectedcolor>
						<textoffsetx>20</textoffsetx>
						<aligny>center</aligny>
						<align>center</align>
						<texturefocus border="10" colordiffuse="ffffffff">bingie/border/slimframefo.png</texturefocus>
						<texturenofocus border="10" colordiffuse="ff3F3F3F">bingie/border/slimframefo.png</texturenofocus>
						<alttexturefocus border="10" colordiffuse="ffffffff">bingie/border/slimframefo.png</alttexturefocus>
						<alttexturenofocus border="10" colordiffuse="ff3F3F3F">bingie/border/slimframefo.png</alttexturenofocus>
						<label>$LOCALIZE[31389]</label>
						<onclick>Skin.SetBool(BingieFirstStartupDone)</onclick>
						<onclick>SetProperty(finishBingieStartup1,1,Home)</onclick>
						<onclick condition="System.GetBool(filelists.showparentdiritems)">RunScript(script.skin.helper.service,action=togglekodisetting,setting=filelists.showparentdiritems)</onclick>
						<onclick condition="System.GetBool(input.enablemouse)">RunScript(script.skin.helper.service,action=togglekodisetting,setting=input.enablemouse)</onclick>
						<onclick>RunScript(script.skin.helper.service,action=setkodisetting,setting=videolibrary.tvshowsselectfirstunwatcheditem,value=2)</onclick>
						<onclick>RunScript(script.skin.helper.service,action=setkodisetting,setting=videolibrary.flattentvshows,value=2)</onclick>
						<onclick>RunScript(script.skin.helper.service,action=setkodisetting,setting=myvideos.selectaction,value=2)</onclick>
						<onclick>AlarmClock(clear_property,ClearProperty(finishBingieStartup1,Home),00:02,silent)</onclick>
						<onclick>AlarmClock(delay_window,ReplaceWindow($VAR[StartUpWindow]),00:01,silent)</onclick>
						<onup>PageUp(3000)</onup>
						<ondown>PageDown(3000)</ondown>
					</control>
					<control type="button" id="102">
						<width min="300">auto</width>
						<height>55</height>
						<font>Reg24</font>
						<textcolor>white</textcolor>
						<focusedcolor>white</focusedcolor>
						<selectedcolor>white</selectedcolor>
						<textoffsetx>20</textoffsetx>
						<aligny>center</aligny>
						<align>center</align>
						<texturefocus border="10" colordiffuse="ffffffff">bingie/border/slimframefo.png</texturefocus>
						<texturenofocus border="10" colordiffuse="ff3F3F3F">bingie/border/slimframefo.png</texturenofocus>
						<alttexturefocus border="10" colordiffuse="ffffffff">bingie/border/slimframefo.png</alttexturefocus>
						<alttexturenofocus border="10" colordiffuse="ff3F3F3F">bingie/border/slimframefo.png</alttexturenofocus>
						<label>$LOCALIZE[31390]</label>
						<onclick>Skin.SetBool(BingieFirstStartupDone)</onclick>
						<onclick>SetProperty(finishBingieStartup1,1,Home)</onclick>
						<onclick>AlarmClock(clear_property,ClearProperty(finishBingieStartup1,Home),00:02,silent)</onclick>
						<onclick>AlarmClock(delay_window,ReplaceWindow($VAR[StartUpWindow]),00:01,silent)</onclick>
						<onup>PageUp(3000)</onup>
						<ondown>PageDown(3000)</ondown>
					</control>
				</control>
				<!-- fake progress -->
				<control type="group">
					<width>901</width>
					<height>10</height>
					<control type="image">
						<width>100%</width>
						<height>100%</height>
						<texture colordiffuse="cc515151" border="2">colors/color_white.png</texture>
					</control>
					<control type="image">
						<width>1%</width>
						<height>100%</height>
						<texture colordiffuse="$INFO[Skin.String(OSDProgressBarColor)]" border="4">diffuse/panel2.png</texture>
						<animation effect="zoom" end="5000,100" easing="in" tween="cubic" time="600" condition="!String.IsEmpty(Window(Home).Property(finishBingieStartup1))">Conditional</animation>
					</control>
				</control>
			</control>
		</control>
	</controls>
</window>