<?xml version="1.0" encoding="utf-8"?>
<!-- BINGIE -->
<window>
    <defaultcontrol always="true">5</defaultcontrol>
    <animation type="WindowOpen">
        <effect type="slide" start="1000" end="0" time="250" tween="cubic" easing="inout" />
    </animation>
    <animation type="WindowClose">
        <effect type="slide" start="0" end="1000" time="250" tween="cubic" easing="inout" />
    </animation>
    <coordinates>
        <left>1000</left>
        <top>0</top>
    </coordinates>
    <controls>
        <control type="group">
            <left>0</left>
            <top>0</top>
            <height>100%</height>
            <width>850</width>
			<animation effect="fade" end="0" time="0" reversible="false" condition="Window.IsVisible(yesnodialog) | Window.IsVisible(addonsettings)">Conditional</animation>
            <visible>!Window.IsActive(sliderdialog) + !Window.IsActive(subtitlesearch) + !Window.IsActive(script.pseudotv.TVOverlay.xml)</visible>
            <!--Panel-->
            <control type="image">
                <width>1000</width>
                <height>100%</height>
                <texture background="true" colordiffuse="$INFO[Skin.String(SideBladePanelColor)]">diffuse/panel2.png</texture>
            </control>
            <!-- close dialog -->
            <control type="group">
                <include>animation_fade_visible_hidden</include>
                <top>20</top>
                <right>20</right>
                <width>60</width>
                <include condition="Skin.HasSetting(EnableTouchSupport)">close_button</include>
            </control>

            <control type="grouplist">
                <left>50</left>
                <orientation>vertical</orientation>
                <height>1000</height>
                <width>800</width>
                <align>center</align>
                <itemgap>25</itemgap>
                <onleft>back</onleft>
                <!--Header-->
                <control type="label" id="2">
                    <description>Heading</description>
                    <width>100%</width>
                    <font>Bold42</font>
                    <textcolor>$INFO[Skin.String(GeneralHighlightTextColor)]</textcolor>
                    <align>left</align>
                    <height>100</height>
                    <label>20333</label>
                </control>

                <!-- templates -->
                <control type="grouplist" id="5">
                    <description>Control Area</description>
                    <width>800</width>
                    <height>670</height>
                    <orientation>vertical</orientation>
                    <itemgap>0</itemgap>
                    <onup>5</onup>
                    <ondown>5</ondown>
                    <onleft>8002</onleft>
                    <onright>8002</onright>
                    <scrolltime tween="cubic" easing="out">500</scrolltime>
                </control>

                <control type="button" id="7">
                    <description>button template</description>
                    <width>100%</width>
                    <height>60</height>
                    <align>left</align>
                    <textoffsetx>20</textoffsetx>
                    <texturenofocus></texturenofocus>
                    <include>DialogButton</include>
                </control>
                <control type="radiobutton" id="8">
                    <description>radiobutton template</description>
                    <width>100%</width>
                    <height>60</height>
                    <align>left</align>
                    <textoffsetx>20</textoffsetx>
                    <include>DialogButton</include>
                    <radioposx>689</radioposx>
                </control>
                <control type="spincontrolex" id="9">
                    <description>spincontrol template</description>
                    <width>100%</width>
                    <height>60</height>
                    <align>left</align>
                    <textoffsetx>20</textoffsetx>
                    <include>DialogButton</include>
					<spinposx>17</spinposx>
                </control>
                <control type="image" id="11">
                    <description>separator image</description>
                    <width>100%</width>
                    <height>3</height>
                    <texture></texture>
                </control>
                <control type="edit" id="12">
                    <description>edit template</description>
                    <width>100%</width>
                    <height>60</height>
                    <align>left</align>
                    <textoffsetx>20</textoffsetx>
                    <include>DialogButton</include>
                </control>
                <control type="sliderex" id="13">
                    <description>slider template</description>
                    <width>100%</width>
                    <height>60</height>
                    <align>left</align>
                    <textoffsetx>20</textoffsetx>
                    <include>DialogButton</include>
                </control>
                <control type="label" id="14">
                    <description>label template</description>
                    <width>100%</width>
                    <height>90</height>
                    <align>left</align>
                    <textoffsetx>20</textoffsetx>
                    <font>Bold32</font>
                </control>

                <!--Button Group-->
                <control type="grouplist" id="8002">
                    <orientation>horizontal</orientation>
                    <itemgap>20</itemgap>
                    <onup>5</onup>
                    <control type="button" id="28">
                        <description>OK</description>
                        <label>186</label>
                        <include>DialogButtonOther</include>
                        <animation effect="fade" start="100" end="75" time="0" condition="!Control.IsEnabled(28)">Conditional</animation>
                    </control>
                    <control type="button" id="29">
                        <visible>!Window.IsActive(fullscreenvideo)</visible>
                        <description>Cancel</description>
                        <label>$LOCALIZE[222]</label>
                        <include>DialogButtonOther</include>
                        <animation effect="fade" start="100" end="75" time="0" condition="!Control.IsEnabled(29)">Conditional</animation>
                    </control>
                    <control type="button" id="30">
                        <description>Clear</description>
                        <label/>
                        <include>DialogButtonOther</include>
                        <animation effect="fade" start="100" end="75" time="0" condition="!Control.IsEnabled(6)">Conditional</animation>
                    </control>
                </control>
            </control>

        </control>
    </controls>
</window>