<?xml version="1.0" encoding="utf-8"?>
<!-- BINGIE -->
<window type="dialog" id="134">
    <defaultcontrol always="true">450</defaultcontrol>
	<onunload>AlarmClock(pro1,SetProperty(favwidgetrefresh,refresh,Home),00:00,silent)</onunload>
    <onunload>AlarmClock(prop2,ClearProperty(favwidgetrefresh,Home),00:01,silent)</onunload>
    <controls>
		
		<include>DialogOverlayExtra</include>
		
			<control type="group">
                <control type="image">
                    <posx>367</posx>
                    <posy>236</posy>
                    <width>1190</width>
                    <height>690</height>
                    <texture border="15">diffuse/bgpanel.png</texture>
					<colordiffuse>$INFO[Skin.String(GeneralPanelsColor)]</colordiffuse>
                </control>
				<control type="image">
                    <posx>367</posx>
                    <posy>236</posy>
                    <width>1190</width>
                    <height>690</height>
                    <texture border="15">diffuse/bgpanel.png</texture>
					<bordersize>10</bordersize>
					<colordiffuse>$INFO[Skin.String(GeneralPanelsColor)]</colordiffuse>
                </control>
                <control type="image">
                    <posx>421</posx>
                    <posy>345</posy>
                    <width>605</width>
                    <height>555</height>
                    <texture border="5">dialogs/default/inner.png</texture>
                </control>
                <control type="image">
                    <posx>1100</posx>
                    <posy>345</posy>
                    <width>420</width>
                    <height>555</height>
                    <texture border="5">dialogs/default/inner.png</texture>
                </control>

                <control type="image">
                    <posx>1110</posx>
                    <posy>360</posy>
                    <width>400</width>
                    <height>520</height>
                    <aspectratio aligny="center">keep</aspectratio>
                    <texture background="true" fallback="DefaultAddon.png">$INFO[Container(450).ListItem.Icon]</texture>
                </control>
            </control>
			
			 <!--Header-->
            <control type="label" id="20">
                <description>Heading</description>
                <posx>425</posx>
                <posy>270</posy>
                <width>800</width>
                <label>1036</label>
                <align>left</align>
                <include>DialogHeader</include>
            </control>
            <!-- close dialog -->
            <control type="group">
                <include>animation_fade_visible_hidden</include>
                <left>1465</left>
                <posy>270</posy>
                <width>60</width>
                <include condition="Skin.HasSetting(EnableTouchSupport)">close_button</include>
            </control>
     			<control type="list" id="450">
                <posx>421</posx>
                <posy>350</posy>
                <width>600</width>
                <height>540</height>
                <onright>60</onright>
                <onup>450</onup>
                <ondown>450</ondown>
                <pagecontrol>60</pagecontrol>
                <scrolltime tween="cubic" easing="out">500</scrolltime>
                <itemlayout height="60">
                    <control type="image">
                        <posx>0</posx>
                        <posy>1</posy>
                        <width>644</width>
                        <height>60</height>
                        <texture>dialogs/default/separator.png</texture>
                    </control>
                    <control type="image">
                        <posx>10</posx>
                        <posy>5</posy>
                        <width>50</width>
                        <height>50</height>
                        <aspectratio>keep</aspectratio>
                        <texture background="true" fallback="DefaultAddon.png">$INFO[ListItem.Icon]</texture>
                    </control>
                    <control type="label">
                        <posx>80</posx>
                        <posy>0</posy>
                        <width>544</width>
                        <height>60</height>
                        <info>ListItem.Label</info>
                        <align>left</align>
                        <aligny>center</aligny>
                        <include>DialogListNF</include>
                        <scroll>false</scroll>
                    </control>
                    <control type="label">
                        <posx>624</posx>
                        <posy>0</posy>
                        <width>544</width>
                        <height>60</height>
                        <info>ListItem.Label2</info>
                        <align>right</align>
                        <aligny>center</aligny>
                        <include>DialogListNF</include>
                        <scroll>false</scroll>
                    </control>
                </itemlayout>
                <focusedlayout height="60">
                    <control type="group">
                        <visible>!Control.HasFocus(450)</visible>
                        <animation effect="fade" start="0" end="100" time="300" tween="sine" easing="inout" condition="![Container(450).Scrolling | Container(450).OnScrollNext | Container(450).OnScrollPrevious]">Visible</animation>
                        <animation effect="fade" start="100" end="0" time="300" tween="sine" easing="inout" condition="![Container(450).Scrolling | Container(450).OnScrollNext | Container(450).OnScrollPrevious]">Hidden</animation>
                        <control type="image">
                            <posx>0</posx>
                            <posy>1</posy>
                            <width>644</width>
                            <height>60</height>
                            <texture>dialogs/default/separator.png</texture>
                        </control>
                        <control type="label">
                            <posx>80</posx>
                            <posy>0</posy>
                            <width>544</width>
                            <height>60</height>
                            <info>ListItem.Label</info>
                            <align>left</align>
                            <aligny>center</aligny>
                            <include>DialogListNF</include>
                            <scroll>false</scroll>
                        </control>
                        <control type="label">
                            <posx>624</posx>
                            <posy>0</posy>
                            <width>544</width>
                            <height>60</height>
                            <info>ListItem.Label2</info>
                            <align>right</align>
                            <aligny>center</aligny>
                            <include>DialogListNF</include>
                            <scroll>false</scroll>
                        </control>
                    </control>
                    <control type="group">
                        <visible>Control.HasFocus(450)</visible>
                        <animation effect="fade" start="0" end="100" time="300" tween="sine" easing="inout" condition="![Container(450).Scrolling | Container(450).OnScrollNext | Container(450).OnScrollPrevious]">Visible</animation>
                        <animation effect="fade" start="100" end="0" time="300" tween="sine" easing="inout" condition="![Container(450).Scrolling | Container(450).OnScrollNext | Container(450).OnScrollPrevious]">Hidden</animation>
                        <control type="image">
                            <width>644</width>
                            <height>60</height>
                            <texture border="5">diffuse/panel.png</texture><colordiffuse>$INFO[Skin.String(ButtonFocusColor)]</colordiffuse>
                        </control>
                        <control type="label">
                            <posx>80</posx>
                            <posy>0</posy>
                            <width>544</width>
                            <height>60</height>
                            <info>ListItem.Label</info>
                            <align>left</align>
                            <aligny>center</aligny>
                            <include>DialogListFO</include>
                        </control>
                        <control type="label">
                            <posx>624</posx>
                            <posy>0</posy>
                            <width>544</width>
                            <height>60</height>
                            <info>ListItem.Label2</info>
                            <align>right</align>
                            <aligny>center</aligny>
                            <include>DialogListFO</include>
                            <scroll>false</scroll>
                        </control>
                    </control>
                    <control type="image">
                        <posx>10</posx>
                        <posy>5</posy>
                        <width>50</width>
                        <height>50</height>
                        <aspectratio>keep</aspectratio>
                        <texture background="true" fallback="DefaultAddon.png">$INFO[ListItem.Icon]</texture>
                    </control>
                </focusedlayout>
            </control>
            		
			<control type="scrollbar" id="60"> <!--scrollbar-->
				<left>1040</left>
				<top>350</top>
				<height>545</height>
				<onleft>450</onleft>
				<showonepage>false</showonepage>
				<animation effect="slide" end="-15" time="0" condition="Skin.HasTheme(classic)">Conditional</animation>
				<animation effect="fade" start="0" end="100" time="400" condition="Control.HasFocus(60) | Skin.HasSetting(EnableTouchSupport) | Container.Scrolling | Skin.HasSetting(alwaysShowScrollbars)">Conditional</animation>
				<animation effect="fade" start="100" end="0" time="400" condition="![Control.HasFocus(60) | Skin.HasSetting(EnableTouchSupport) | Container.Scrolling | Skin.HasSetting(alwaysShowScrollbars)]">Conditional</animation>
			</control>				
	</controls>
</window>