<?xml version="1.0" encoding="utf-8"?>
<!-- BINGIE -->
<window>
    <defaultcontrol always="true">3</defaultcontrol>
	
    <controls>
		<include>DialogOverlayExtra</include>
		<include condition="Skin.HasSetting(EnableTouchSupport)">Footer</include>
		
        <!--Dialog Addon Settings-->
        <control type="group">
            <include>animation_window_open_close</include>
			<animation effect="fade" end="0" time="0" condition="Window.IsVisible">Conditional</animation>
            <visible>!Window.IsVisible(virtualkeyboard) + !Window.IsVisible(filebrowser) + !Window.IsVisible(selectdialog) + !Window.IsVisible(selectdialog) + !Window.IsVisible(progressdialog) + !Window.IsVisible(textviewer)</visible>
            <!--Panel-->

            <!--Panel-->
            <control type="image">
                <!--Panel-->
                <posx>284</posx>
                <posy>169</posy>
                <width>1352</width>
                <height>730</height>
                <texture border="15">diffuse/bgpanel.png</texture>
				
				<colordiffuse>$INFO[Skin.String(GeneralPanelsColor)]</colordiffuse>
            </control>
			<control type="image">
                <!--Panel-->
                <posx>284</posx>
                <posy>169</posy>
                <width>1352</width>
                <height>730</height>
				<bordersize>10</bordersize>
                <texture border="15">diffuse/bgpanel.png</texture>
				
				<colordiffuse>$INFO[Skin.String(GeneralPanelsColor)]</colordiffuse>
            </control>
			
            <!--Header-->
            <control type="label" id="2">
                <description>Heading</description>
                <posx>560</posx>
                <posy>205</posy>
                <width>800</width>
                <label/>
                <align>center</align>
                <include>DialogHeader</include>
            </control>
            <control type="group" id="8003">
                <!-- left group -->
                <control type="group">
                    <posx>329</posx>
                    <posy>303</posy>
                    <control type="image">
                        <posx>-1</posx>
                        <posy>-1</posy>
                        <width>312</width>
                        <height>475</height>
                        <texture border="5">dialogs/default/inner.png</texture>
                    </control>
                    <control type="grouplist" id="3">
                        <description>button area</description>
                        <posx>0</posx>
                        <posy>0</posy>
                        <width>310</width>
                        <height>473</height>
                        <itemgap>-1</itemgap>
                        <onleft>8002</onleft>
                        <onright>5</onright>
                        <onup>3</onup>
                        <ondown>3</ondown>
                        <scrolltime>0</scrolltime>
                    </control>
                    <control type="button" id="10">
                        <width>310</width>
                        <height>60</height>
                        <align>right</align>
                        <textoffsetx>20</textoffsetx>
                        <texturenofocus>dialogs/default/separator.png</texturenofocus>
                    </control>
                </control>
                <!-- right group -->
                <control type="group">
                    <posx>661</posx>
                    <posy>303</posy>
                    <control type="image">
                        <posx>-1</posx>
                        <posy>-1</posy>
                        <width>932</width>
                        <height>475</height>
                        <texture border="5">dialogs/default/inner.png</texture>
                    </control>
                    <control type="grouplist" id="5">
                        <description>control area</description>
                        <posx>0</posx>
                        <posy>1</posy>
                        <width>930</width>
                        <height>471</height>
                        <itemgap>2</itemgap>
                        <pagecontrol>60</pagecontrol>
                        <onleft>3</onleft>
                        <onright>60</onright>
                        <onup>5</onup>
                        <ondown>5</ondown>
                        <scrolltime tween="cubic" easing="out">500</scrolltime>
                    </control>
                </control>
            </control>
            <control type="button" id="7">
                <description>default</description>
                <height>68</height>
                <align>left</align>
                <textoffsetx>20</textoffsetx>
            </control>
            <control type="edit" id="12">
                <description>default</description>
                <height>68</height>
                <align>left</align>
                <textoffsetx>20</textoffsetx>
            </control>
            <control type="radiobutton" id="8">
                <description>radioButton</description>
                <height>68</height>
                <align>left</align>
				<textwidth>700</textwidth>
                <textoffsetx>20</textoffsetx>
				<radioposx>819</radioposx>
            </control>
            <control type="spincontrolex" id="9">
                <description>Directory Content</description>
                <height>68</height>
                <align>left</align>
                <spinposx>17</spinposx>
                <textoffsetx>20</textoffsetx>
                
            </control>
            <control type="label" id="14">
                <description>Default Label</description>
                <height>54</height>
                <align>left</align>
                <aligny>top</aligny>
                <textoffsetx>20</textoffsetx>
                <textoffsety>11</textoffsety>
            </control>
            <control type="sliderex" id="13">
                <description>Default Slider</description>
                <posx>0</posx>
                <posy>0</posy>
                <height>68</height>
                <align>left</align>
                <textoffsetx>20</textoffsetx>
                <pulseonselect>false</pulseonselect>
                <textwidth>540</textwidth>
            </control>
            <control type="image" id="11">
                <width>300</width>
                <height>1</height>
                <visible>false</visible>
            </control>

			<control type="scrollbar" id="60">
				<posx>1596</posx>
                <posy>304</posy>
                <height>471</height>
				<onright>8004</onright>
				<onleft>5</onleft>
				<showonepage>false</showonepage>
				<animation effect="fade" start="0" end="100" time="400" condition="Control.HasFocus(60) | Skin.HasSetting(EnableTouchSupport) | Container.Scrolling  | Skin.HasSetting(alwaysShowScrollbars)">Conditional</animation>
				<animation effect="fade" start="100" end="0" time="400" condition="![Control.HasFocus(60) | Skin.HasSetting(EnableTouchSupport) | Container.Scrolling  | Skin.HasSetting(alwaysShowScrollbars)]">Conditional</animation>
			</control>
			
			<control type="grouplist" id="8002">
                <posx>320</posx>
                <posy>800</posy>
				<onup>5</onup>
				<itemgap>40</itemgap>
				<onup>8003</onup>
				<orientation>horizontal</orientation>

                <control type="button" id="28">
                    <description>OK</description>
                    <label>186</label>
                    <align>center</align>
                    <width>400</width>
                    <include>DialogButtonOther</include>
                    <animation effect="fade" start="100" end="75" time="0" condition="!Control.IsEnabled(10)">Conditional</animation>
                </control>
                <control type="button" id="29">
                    <align>center</align>
                    <width>400</width>
                    <include>DialogButtonOther</include>
                    <description>Cancel</description>
                    <label>$LOCALIZE[222]</label>
                    <animation effect="fade" start="100" end="75" time="0" condition="!Control.IsEnabled(11)">Conditional</animation>
                </control>
                <control type="button" id="30">
                    <align>center</align>
                    <width>400</width>
                    <include>DialogButtonOther</include>
                    <description>Defaults</description>
                    <label>$LOCALIZE[409]</label>
                    <animation effect="fade" start="100" end="75" time="0" condition="!Control.IsEnabled(12)">Conditional</animation>
                </control>
            </control>
        </control>
    </controls>
</window>