<?xml version="1.0" encoding="utf-8"?>
<!-- BINGIE -->
<includes>
    <include name="HomeBingie">
        <include content="Bingie_Base_BG">
            <param name="visibility" value="!$EXP[IsPlayingRecognizedContent]" />
        </include>

        <control type="group" id="9000">
            <include>HideWindowOnStartupAndDialogInfoLoad</include>

            <!-- Spotlight BG -->
            <control type="group">
                <include>FullscreenDimensions</include>
                <visible>$EXP[IsCurrentWidgetSpotlight]</visible>
                <control type="list" id="15081">
                    <visible>$EXP[IsTvShowDBType]</visible>
                    <left>-100</left>
                    <top>-100</top>
                    <preloaditems>1</preloaditems>
                    <itemlayout/>
                    <focusedlayout/>
                    <content sortby="dateadded" sortorder="descending" limit="1">$VAR[SpotlightTVShowEpisodesPath]</content>
                </control>
                <control type="image">
                    <visible>!Player.HasVideo</visible>
                    <fadetime>350</fadetime>
                    <texture background="true">$VAR[BingieSpotlightBackground]</texture>
                    <aspectratio aligny="top">scale</aspectratio>
                    <include condition="Skin.HasSetting(BackgroundAnimation)">BackgroundAnimation</include>
                    <animation effect="fade" start="0" end="100" delay="0" time="1200">Visible</animation>
                </control>
                <include content="Preview_Window">
                    <param name="id" value="90001" />
                    <param name="visibility" value="$EXP[IsPlayingUnrecognizedContent]" />
                    <param name="width" value="100%" />
                    <param name="height" value="100%" />
                    <param name="overlaywidth" value="100%"/>
                    <param name="overlayheight" value="100%"/>
                    <param name="videowindowVisibility" value="true" />
                    <param name="isFullscreen" value="true" />
                    <param name="overlay_animation" value="Bingie_Trailer_Fullscreen_Overlay_Anim" />
                </include>
     <!-- SPOTLIGHT DIFFUSE VIGNETTE -->
				<control type="image">
                    <include>FullscreenDimensions</include>
                    <colordiffuse>$VAR[BingiePanelColor]</colordiffuse>
                    <texture background="true" border="15">bingie/newdiffuse.png</texture>
					<visible>!$EXP[IsRecognizedVideoContent]</visible>
				</control>
                <include content="Spotlight_MPAA_Flag_Object">
                    <param name="id" value="90007" />
                    <param name="visibility" value="Integer.IsGreater(Container(1508).NumItems,0) | Container(1508).IsUpdating" />
                </include>
				<include content="Spotlight_MPAA_Flag_Object1">
                    <param name="id" value="19999" />
                    <param name="visibility" value="Integer.IsGreater(Container(1508).NumItems,0) | Container(1508).IsUpdating" />
                </include>
            </control>

            <!-- Widgets BG -->
            <control type="group">
                <visible>!$EXP[IsCurrentWidgetSpotlight]</visible>
                <control type="image">
                    <visible>!$EXP[IsPlayingRecognizedContent]</visible>
                    <include>FullscreenDimensions</include>
                    <texture background="true" colordiffuse="$VAR[BingiePanelColor]">colors/color_white.png</texture>
                    <animation effect="fade" start="100" end="90" delay="0" time="400">Visible</animation>
                    <animation effect="fade" start="90" end="0" delay="0" time="1200">Hidden</animation>
                </control>
            </control>

            <!-- Details Section -->
            <control type="group">
                <!-- <visible>!String.IsEqual(window(home).Property(widgetstyle),highlight)</visible> -->
                <width>1920</width>
                <height>525</height>
                <visible>!Skin.HasSetting(BingieHomeDisableFirstRow)</visible>
                <include content="Preview_Window">
                    <param name="id" value="90002" />
                    <param name="visibility" value="!$EXP[IsCurrentWidgetSpotlight] + $EXP[IsPlayingUnrecognizedContent] + !String.IsEqual(window(home).Property(widgetstyle),highlight)" />
                </include>
                <include content="BingieSpotlightCornerImage">
                    <param name="visibility" value="!$EXP[IsCurrentWidgetSpotlight] + !Player.HasVideo + !Skin.HasSetting(NewSpotlight) + !String.IsEqual(window(home).Property(widgetstyle),highlight)" />
                    <param name="image" value="$INFO[Control.GetLabel(99004)]" />
                </include>
				 <include content="AchillesBingieSpotlightCornerImage">
                    <param name="visibility" value="!$EXP[IsCurrentWidgetSpotlight] + !Player.HasVideo + Skin.HasSetting(NewSpotlight) + !String.IsEqual(window(home).Property(widgetstyle),highlight)" />
                    <param name="image" value="$INFO[Control.GetLabel(99004)]" />
                </include>

                <!-- Spotlight Display -->
                <include content="SpotlightLoadingSpinner">
                    <param name="visibility" value="$EXP[IsCurrentWidgetSpotlight]" />
                </include>

				<!--Spotlight Grouplist, Clearlogo,  Sublabel, Plot & BUTTONS-->
				<control type="grouplist">
                    <visible>!Skin.HasSetting(DisableSpotlightContent)</visible>
                    <visible>$EXP[IsCurrentWidgetSpotlight] + Integer.IsGreater(Container(1508).NumItems,0)</visible>
                    <animation effect="fade" start="0" end="100" time="250" reversible="false">VisibleChange</animation>
                    <include condition="Skin.HasSetting(EnableFixedFocusWidgets)">SpotlightDisplayWidgetsTransition</include>
                    <bottom>-245</bottom>
					<height>625</height>
					<width>900</width>
					<align>right</align>
                    <include>BingieLeftDefs</include>
                    <orientation>vertical</orientation>
                    <usecontrolcoords>true</usecontrolcoords>
                    <itemgap>15</itemgap> 

				<!--  CLEARLOGO SPOTLIGHT -->
                    <control type="image" id="150885">
                        <include>Default_Visible_Fade</include>
						<animation effect="slide" end="0,190" tween="sine" easing="in" time="400" delay="0" condition="$EXP[IsPlayingUnrecognizedContent] + System.IdleTime(10) + !Skin.HasSetting(DisablePlotSlide)" reversible="false">Conditional</animation>
						<animation effect="zoom" end="69" tween="linear" easing="in" time="400" delay="0" condition="$EXP[IsPlayingUnrecognizedContent] + System.IdleTime(10) + !Skin.HasSetting(DisablePlotSlide)" reversible="false">Conditional</animation>
						<height>230</height>                         
                        <width>594</width>                          
                        <align>left</align>
                        <fadetime>350</fadetime>
                        <aspectratio align="center" aligny="center">keep</aspectratio>
                        <texture background="true" fallback="colors/color_transparent.png">$VAR[BingieSpotlightLogo]</texture>
                    </control>
                    <control type="textbox">
                        <visible>String.EndsWith(Control.GetLabel(150885),color_transparent.png)</visible>
						<animation effect="slide" end="0,180" tween="sine" easing="in" time="400" delay="0" condition="$EXP[IsPlayingUnrecognizedContent] + System.IdleTime(10) + !Skin.HasSetting(DisablePlotSlide)" reversible="false">Conditional</animation>
						<animation effect="zoom" end="70" tween="linear" easing="in" time="400" delay="0" condition="$EXP[IsPlayingUnrecognizedContent] + System.IdleTime(10) + !Skin.HasSetting(DisablePlotSlide)" reversible="false">Conditional</animation>
                        <top>-185</top>
                        <height>195</height>
                        <width max="800">auto</width>
                        <align>left</align>
						<aligny>center</aligny>
                        <font>Title2</font>
                        <textcolor>$INFO[Skin.String(BingiePrimaryTextColor)]</textcolor>
                        <label>[B]$VAR[BingieSpotlightTitle][/B]</label>
						<autoscroll delay="4000" time="2000" repeat="6000">true</autoscroll>
                    </control>
					<!-- Spotlight Top 250 Grouplist -->
					<control type="grouplist">
						<visible>!Skin.HasSetting(DisableSpotlightLabel)</visible>
						<visible>!String.IsEmpty(Control.GetLabel(823100)) | !String.IsEmpty(Control.GetLabel(82300)) + $EXP[IsTVShowInLastEpisodes]</visible>
						<animation effect="slide" end="0,125" tween="sine" easing="in" time="400" delay="0" condition="$EXP[IsPlayingUnrecognizedContent] + System.IdleTime(10) + !Skin.HasSetting(DisablePlotSlide)" reversible="false">Conditional</animation>
						<orientation>horizontal</orientation>
						<usecontrolcoords>true</usecontrolcoords>
						<height>56</height>
						<width>800</width>
						<itemgap>15</itemgap>
					<!-- Home Spotlight Top250 Red Icon -->
					<control type="image">
						<visible>!Skin.HasSetting(EnableSpotlightWhiteLabel)</visible>
						<visible>!String.IsEmpty(Control.GetLabel(823100))</visible>
						<posy>5</posy>
						<left>1</left>
						<height>50</height>
						<width>50</width>
						<aspectratio>keep</aspectratio>
						<texture>bingie/top250.png</texture>
					</control>
					<!-- Home Spotlight Top250 White Icon -->
					<control type="image">
						<visible>Skin.HasSetting(EnableSpotlightWhiteLabel)</visible>
						<visible>!String.IsEmpty(Control.GetLabel(823100))</visible>
						<posy>2</posy>
						<left>1</left>
						<height>50</height>
						<width>50</width>
						<aspectratio>keep</aspectratio>
						<colordiffuse>$INFO[Skin.String(BingieTop250IconColor)]</colordiffuse>
						<texture>bingie/top2501.png</texture>
					</control>
					<!-- Home Spotlight on IMDB Today Text -->
					<control type="label" id="823100">
						<posy>-1</posy>
						<visible>!String.IsEmpty(Control.GetLabel(823100))</visible>
						<font>bold32</font> 
						<textcolor>$INFO[Skin.String(BingieSubLabelTextColor)]</textcolor> 
						<label>$VAR[IMDBTop250RatingValue,#, $LOCALIZE[320157]]</label>
						<include>Default_Visible_Fade</include>
					</control>
					<!-- Spotlight Watch season xx Now -->
					<control type="label" id="82300">
						<posy>-1</posy>
						<visible>!String.IsEmpty(Control.GetLabel(82300)) + String.IsEmpty(Control.GetLabel(823100))</visible>
						<width>820</width>
						<font>bold32</font> 
						<textcolor>$INFO[Skin.String(BingieSubLabelTextColor)]</textcolor> 
						<label>$VAR[BingieSublabel]</label>
						<include>Default_Visible_Fade</include>
					</control> 
					</control>	
					<!-- Plot - Spotlight -->
                    <control type="textbox">
                     	<animation type="conditional" condition="$EXP[IsPlayingUnrecognizedContent] + System.IdleTime(10) + !Skin.HasSetting(DisablePlotSlide)" reversible="false">
                        <effect type="Fade" start="100" end="0" time="0" delay="300" />
                        <effect type="slide" start="0,0" end="0,75" tween="sine" easing="in" time="400" delay="" />
                        </animation>
						<include>Default_Visible_Fade</include>
                        <bottom></bottom>
						<height min="0" max="119">119</height>
                        <!-- <height min="0" max="115">115</height> -->
                        <width max="690">auto</width>
                        <align>left</align>
                        <font>Plots</font>
                        <textcolor>$INFO[Skin.String(BingiePlotTextColor)]</textcolor> 
                        <label>$VAR[BingieSpotlightPlot]</label>
					</control>
					
					<!-- Spotlight Additional Details Grouplist -->
					<control type="grouplist">
					 <visible>Skin.HasSetting(DisableCastThumb)</visible>
						<visible>!Skin.HasSetting(DisableSpotlightLabel)</visible>
						<visible>![!String.IsEmpty(Control.GetLabel(823100)) | !String.IsEmpty(Control.GetLabel(82300)) + $EXP[IsTVShowInLastEpisodes]]</visible>
						<animation effect="slide" end="0,0" tween="sine" easing="in" time="400" delay="0" condition="$EXP[IsPlayingUnrecognizedContent] + System.IdleTime(10) + !Skin.HasSetting(DisablePlotSlide)" reversible="false">Conditional</animation>
						<orientation>horizontal</orientation>
						<usecontrolcoords>true</usecontrolcoords>
						<top>14</top>
						<height>114</height>
						<width>auto</width>
						<itemgap>15</itemgap>
					<!-- Home Spotlight Additional Details Red Icon -->
					<control type="image">
						<visible>Skin.HasSetting(EnableSpotlightColorLabel)</visible>
						<visible>!String.IsEmpty(Control.GetLabel(31001))</visible>
						<posy>14</posy>
						<left>1</left>
						<height>70</height>
						<width>70</width>
						<aspectratio>keep</aspectratio>
						<texture>$VAR[BingieMoreDetailsImageSpotlight,bingie/detailsspotlight/,.png]</texture>
					</control>
					<!-- Home Spotlight Additional Details White Icon -->
					<control type="image">
						<visible>!Skin.HasSetting(EnableSpotlightColorLabel)</visible>
						<visible>!String.IsEmpty(Control.GetLabel(31001))</visible>
						<posy>14</posy>
						<left>1</left>
						<height>70</height>
						<width>70</width>
						<aspectratio>keep</aspectratio>
						<colordiffuse>$INFO[Skin.String(BingieAdditionalInfoIconsColor)]</colordiffuse>
						<texture>$VAR[BingieMoreDetailsImageSpotlight,bingie/detailsspotlight/white/,.png]</texture>
					</control>		
					<!-- Home Spotlight Additional Details Text -->
					<control type="textbox" id="31001">
						<visible>!String.IsEmpty(Control.GetLabel(31001))</visible>
						<height>115</height>
						<width>650</width>
						<left>10</left>			
						<bottom>8</bottom> 				
						<align>left</align>
						<aligny>center</aligny>
						<font>Reg28</font> 
						<textcolor>$INFO[Skin.String(BingieAdditionalInfoColor)]</textcolor>
						<autoscroll>false</autoscroll>					
						<label>$VAR[BingieMoreDetailsSpotlight]</label>
					</control>
					</control>

					<!-- Spotlight Additional Details Grouplist -->
					<control type="grouplist">
					 <visible>!Skin.HasSetting(DisableCastThumb)</visible>
						<visible>!Skin.HasSetting(DisableSpotlightLabel)</visible>
						<visible>![!String.IsEmpty(Control.GetLabel(823100)) | !String.IsEmpty(Control.GetLabel(82300)) + $EXP[IsTVShowInLastEpisodes]]</visible>
						<animation effect="slide" end="0,0" tween="sine" easing="in" time="400" delay="0" condition="$EXP[IsPlayingUnrecognizedContent] + System.IdleTime(10) + !Skin.HasSetting(DisablePlotSlide)" reversible="false">Conditional</animation>
						<orientation>horizontal</orientation>
						<usecontrolcoords>true</usecontrolcoords>
						<top>14</top>
						<height>114</height>
						<width>auto</width>
						<itemgap>15</itemgap>
					<!-- Home Spotlight Additional Details Red Icon -->
					<control type="image">
						<visible>Skin.HasSetting(EnableSpotlightColorLabel)</visible>
						<visible>!String.IsEmpty(Control.GetLabel(31002))</visible>
						<visible>[String.IsEmpty(Container(99950).ListItem.Property(Cast.1.Thumb)) + [[String.StartsWith(Container(99950).ListItem.Property(TMDb_Rating),8) | String.StartsWith(Container(99950).ListItem.Property(TMDb_Rating),9)] + [String.StartsWith(Container(99950).ListItem.Property(IMDb_Rating),8) | String.StartsWith(Container(99950).ListItem.Property(IMDb_Rating),9)] + [String.StartsWith(Container(99950).ListItem.Property(Trakt_Rating),8) | String.StartsWith(Container(99950).ListItem.Property(Trakt_Rating),9)]]] | ![[String.StartsWith(Container(99950).ListItem.Property(TMDb_Rating),8) | String.StartsWith(Container(99950).ListItem.Property(TMDb_Rating),9)] + [String.StartsWith(Container(99950).ListItem.Property(IMDb_Rating),8) | String.StartsWith(Container(99950).ListItem.Property(IMDb_Rating),9)] + [String.StartsWith(Container(99950).ListItem.Property(Trakt_Rating),8) | String.StartsWith(Container(99950).ListItem.Property(Trakt_Rating),9)]]</visible>
						<posy>14</posy>
						<left>1</left>
						<height>70</height>
						<width>70</width>
						<aspectratio>keep</aspectratio>
						<texture>$VAR[BingieMoreDetailsImageSpotlight,bingie/detailsspotlight/,.png]</texture>
					</control>
					<!-- Home Spotlight Additional Details White Icon -->
					<control type="image">
						<visible>!Skin.HasSetting(EnableSpotlightColorLabel)</visible>
						<visible>!String.IsEmpty(Control.GetLabel(31002))</visible>
						<visible>[String.IsEmpty(Container(99950).ListItem.Property(Cast.1.Thumb)) + [[String.StartsWith(Container(99950).ListItem.Property(TMDb_Rating),8) | String.StartsWith(Container(99950).ListItem.Property(TMDb_Rating),9)] + [String.StartsWith(Container(99950).ListItem.Property(IMDb_Rating),8) | String.StartsWith(Container(99950).ListItem.Property(IMDb_Rating),9)] + [String.StartsWith(Container(99950).ListItem.Property(Trakt_Rating),8) | String.StartsWith(Container(99950).ListItem.Property(Trakt_Rating),9)]]] | ![[String.StartsWith(Container(99950).ListItem.Property(TMDb_Rating),8) | String.StartsWith(Container(99950).ListItem.Property(TMDb_Rating),9)] + [String.StartsWith(Container(99950).ListItem.Property(IMDb_Rating),8) | String.StartsWith(Container(99950).ListItem.Property(IMDb_Rating),9)] + [String.StartsWith(Container(99950).ListItem.Property(Trakt_Rating),8) | String.StartsWith(Container(99950).ListItem.Property(Trakt_Rating),9)]]</visible>
						<posy>14</posy>
						<left>1</left>
						<height>70</height>
						<width>70</width>
						<aspectratio>keep</aspectratio>
						<colordiffuse>$INFO[Skin.String(BingieAdditionalInfoIconsColor)]</colordiffuse>
						<texture>$VAR[BingieMoreDetailsImageSpotlight,bingie/detailsspotlight/white/,.png]</texture>
					</control>	
					<!-- Cast Thumb -->
					<control type="group">
						<visible>!String.IsEmpty(Container(99950).ListItem.Property(Cast.1.Thumb)) + [[String.StartsWith(Container(99950).ListItem.Property(TMDb_Rating),8) | String.StartsWith(Container(99950).ListItem.Property(TMDb_Rating),9)] + [String.StartsWith(Container(99950).ListItem.Property(IMDb_Rating),8) | String.StartsWith(Container(99950).ListItem.Property(IMDb_Rating),9)] + [String.StartsWith(Container(99950).ListItem.Property(Trakt_Rating),8) | String.StartsWith(Container(99950).ListItem.Property(Trakt_Rating),9)]]</visible>
						<height>70</height> 
						<width>70</width>
					<control type="image">						
						<visible>!String.IsEmpty(Control.GetLabel(31002))</visible>
						<posy>14</posy>
						<left>1</left>
						<height>70</height>
						<width>70</width>
						<colordiffuse>$INFO[Skin.String(BingieAdditionalInfoIconsColor)]</colordiffuse>
                        <texture>bingie/circle_back.png</texture>
					</control>
					<control type="image">
						<visible>!String.IsEmpty(Control.GetLabel(31002))</visible>
						<posy>17</posy>
						<left>4</left>
						<height>64</height>
						<width>64</width>
						<aspectratio scalediffuse="false" align="center" aligny="center">scale</aspectratio>
                        <texture diffuse="diffuse/circle_diffuse.png">$INFO[Container(99950).ListItem.Property(Cast.1.Thumb)]</texture>
					</control>
					</control>					
					<!-- Home Spotlight Additional Details Text -->
					<control type="textbox" id="31002">
						<visible>!String.IsEmpty(Control.GetLabel(31002))</visible>
						<visible>[String.IsEmpty(Container(99950).ListItem.Property(Cast.1.Thumb)) + [[String.StartsWith(Container(99950).ListItem.Property(TMDb_Rating),8) | String.StartsWith(Container(99950).ListItem.Property(TMDb_Rating),9)] + [String.StartsWith(Container(99950).ListItem.Property(IMDb_Rating),8) | String.StartsWith(Container(99950).ListItem.Property(IMDb_Rating),9)] + [String.StartsWith(Container(99950).ListItem.Property(Trakt_Rating),8) | String.StartsWith(Container(99950).ListItem.Property(Trakt_Rating),9)]]] | ![[String.StartsWith(Container(99950).ListItem.Property(TMDb_Rating),8) | String.StartsWith(Container(99950).ListItem.Property(TMDb_Rating),9)] + [String.StartsWith(Container(99950).ListItem.Property(IMDb_Rating),8) | String.StartsWith(Container(99950).ListItem.Property(IMDb_Rating),9)] + [String.StartsWith(Container(99950).ListItem.Property(Trakt_Rating),8) | String.StartsWith(Container(99950).ListItem.Property(Trakt_Rating),9)]]</visible>
						<height>115</height>
						<width>650</width>
						<left>10</left>			
						<bottom>8</bottom> 				
						<align>left</align>
						<aligny>center</aligny>
						<font>Reg28</font> 
						<textcolor>$INFO[Skin.String(BingieAdditionalInfoColor)]</textcolor>
						<autoscroll>false</autoscroll>					
						<label>$VAR[BingieMoreDetailsSpotlight]</label>
					</control>
					<control type="textbox" id="31002">
						<visible>!String.IsEmpty(Control.GetLabel(31002))</visible>
						<visible>!String.IsEmpty(Container(99950).ListItem.Property(Cast.1.Thumb)) + [[String.StartsWith(Container(99950).ListItem.Property(TMDb_Rating),8) | String.StartsWith(Container(99950).ListItem.Property(TMDb_Rating),9)] + [String.StartsWith(Container(99950).ListItem.Property(IMDb_Rating),8) | String.StartsWith(Container(99950).ListItem.Property(IMDb_Rating),9)] + [String.StartsWith(Container(99950).ListItem.Property(Trakt_Rating),8) | String.StartsWith(Container(99950).ListItem.Property(Trakt_Rating),9)]]</visible>
						<height>115</height>
						<width>650</width>
						<left>10</left>			
						<bottom>8</bottom> 				
						<align>left</align>
						<aligny>center</aligny>
						<font>Reg28</font> 
						<label>$INFO[Container(99950).ListItem.Property(Cast.1.Name),$LOCALIZE[320223] ]</label>
						<autoscroll>false</autoscroll>					
						<label>$VAR[BingieMoreDetailsSpotlight]</label>
					</control>
					</control>					
			
                    <!-- Buttons -->
                    <include content="Spotlight_Buttons">
                        <param name="top" value="10"/>  
                    </include>
				</control>

                <!-- Widgets Display -->
                <control type="grouplist">
                    <visible>!$EXP[IsCurrentWidgetSpotlight] + !String.IsEqual(window(home).Property(widgetstyle),highlight)</visible>
                    <animation effect="fade" start="0" end="100" time="250" reversible="false">Visible</animation>
                    <include condition="Skin.HasSetting(EnableFixedFocusWidgets)">WidgetsDisplaySpotlightTransition</include>
                    <width>1500</width>
                    <include>BingieLeftDefs</include>
                    <top>10</top>  
                    <height>600</height>
                    <orientation>vertical</orientation>
                    <usecontrolcoords>true</usecontrolcoords>
                    <itemgap>10</itemgap>
                    <!-- Movies and Episodes Info Slide-down -->
                    <animation effect="slide" start="0" end="0,130" time="0" condition="Skin.HasSetting(MovieDetailsHome) + Integer.IsGreater(ListItem.PercentPlayed,1) | [$EXP[IsMainMenuOpened] + Integer.IsGreater(Window(Home).Property(ListItem.PercentPlayed),1)]">Conditional</animation>
					<animation effect="slide" start="0" end="0,180" time="0" condition="$EXP[IsCategoryDBType]">Conditional</animation>

                    <include content="Bingie_Headline_Item">
                        <param name="id" value="9000" />
                        <param name="image" value="$VAR[BingieInfoClearlogo]" />
                        <param name="text" value="$VAR[BingieInfoLabel]" />
                    </include>

                    <!-- Details Row at Top-->
                    <control type="group">				
					<visible>!$EXP[IsMainMenuOpened]</visible>
					<visible>!$EXP[IsCategoryDBType]</visible>
                        <visible>Skin.HasSetting(MovieDetailsHome) + !Integer.IsGreater(ListItem.PercentPlayed,1) | !Skin.HasSetting(MovieDetailsHome)</visible>						
                        <include>Default_Visible_Fade</include>
                        <top>-7</top>
                        <width>1000</width>
                        <height>60</height>
                        <include>SpotlightRowDetails</include>
                    </control>

					<!-- Bingie Home Top 250/Sublabel/watch xx Now -->
					<control type="grouplist">
							<orientation>horizontal</orientation>
							<visible>!$EXP[IsMainMenuOpened]</visible>
							<visible>!$EXP[IsEpisodeDBType]</visible>
							<visible>!$EXP[IsCategoryDBType]</visible>
							<visible>!Skin.HasSetting(DisableTop250) + !String.IsEmpty(Control.GetLabel(8231)) + !Integer.IsGreater(ListItem.PercentPlayed,1) | !Skin.HasSetting(DisableTop250) + !String.IsEmpty(Control.GetLabel(823)) + $EXP[IsTVShowInLastEpisodes] + !Integer.IsGreater(ListItem.PercentPlayed,1) | 
							!Skin.HasSetting(DisableTop250) + !String.IsEmpty(Control.GetLabel(8231)) + !Skin.HasSetting(MovieDetailsHome) + Integer.IsGreater(ListItem.PercentPlayed,1)</visible>
							<animation effect="fade" time="150">Visible</animation>
							<height>55</height>
							<width>800</width>
							<top>-10</top>
							<aligny>center</aligny> 
							<usecontrolcoords>true</usecontrolcoords>
							<itemgap>15</itemgap>
						<!-- Spotlight Details Row Top250 Red Icon -->
						<control type="image">
								<visible>!Skin.HasSetting(EnableTop250ColoredLabel)</visible>
								<visible>!String.IsEmpty(Control.GetLabel(8231))</visible>
								<posy>5</posy>
								<left>1</left>
								<height>50</height>
								<width>50</width>
								<aspectratio>keep</aspectratio>
								<texture>bingie/top250.png</texture>
						</control>
						<!-- Spotlight Details Row Top250 White Icon -->
						<control type="image">
								<visible>Skin.HasSetting(EnableTop250ColoredLabel)</visible>
								<visible>!String.IsEmpty(Control.GetLabel(8231))</visible>
								<posy>5</posy>
								<left>1</left>
								<height>50</height>
								<width>50</width>
								<aspectratio>keep</aspectratio>
								<colordiffuse>$INFO[Skin.String(BingieTop250IconColor)]</colordiffuse>
								<texture>bingie/top2501.png</texture>
						</control>
						<!-- Spotlight Text Label Top250 -->	
						<control type="label" id="8231">
							<visible>!$EXP[IsEpisodeDBType]</visible>
							<visible>!String.IsEmpty(Control.GetLabel(8231))</visible>
							<font>bold29</font> 
							<textcolor>$INFO[Skin.String(BingieSubLabelTextColor)]</textcolor>
							<label>$VAR[IMDBTop250RatingValue,#, $LOCALIZE[320157]]</label>
							<include>Default_Visible_Fade</include>
						</control>	
							<!-- Tagline/Watch xx Now -->
						<control type="label" id="823">
								<visible>!$EXP[IsCategoryDBType]</visible>
								<visible>!$EXP[IsEpisodeDBType]</visible>
								<visible>!String.IsEmpty(Control.GetLabel(823)) + String.IsEmpty(Control.GetLabel(8231))</visible>
								<width>820</width>
								<font>bold29</font> 
								<textcolor>$INFO[Skin.String(BingieSubLabelTextColor)]</textcolor> 
								<label>$VAR[BingieSublabel]</label>
								<include>Default_Visible_Fade</include>
						</control> 
					</control>

                    <!-- TV shows Seasons and Episodes -->
                    <control type="grouplist">
					<visible>!$EXP[IsCategoryDBType]</visible>
					<visible>!Skin.HasSetting(MovieDetailsHome)</visible>
					<visible>!$EXP[IsMainMenuOpened]</visible>
                        <visible>$EXP[IsEpisodeDBType]</visible>
                        <include>Default_Visible_Fade</include>
                        <orientation>vertical</orientation>
                        <top>0</top>
						<height>200</height>
						<width>650</width>
						<itemgap>20</itemgap>
						<usecontrolcoords>true</usecontrolcoords>
                        <!--Season/Episode label-->
                        <control type="label">
                            <height>50</height>
                            <width>650</width>
                            <align>left</align>
							<posx>-6</posx>
							<posy>-5</posy>
                            <aligny>center</aligny>
                            <font>bold29</font>
                         	<textcolor>$INFO[Skin.String(BingieSubLabelTextColor)]</textcolor>
                            <label>$VAR[BingieEpisodeInfoHeader]</label>
                        </control>
                    </control>
					
					<!-- TV shows Seasons and Episodes for Continue Watching -->
                    <control type="grouplist">
					<visible>!$EXP[IsCategoryDBType]</visible>
					<visible>Skin.HasSetting(MovieDetailsHome)</visible>
					<visible>!$EXP[IsMainMenuOpened]</visible>
                        <visible>$EXP[IsEpisodeDBType]</visible>
                        <include>Default_Visible_Fade</include>
                        <orientation>vertical</orientation>
                        <top>0</top>
						<height>200</height>
						<width>650</width>
						<itemgap>20</itemgap>
						<usecontrolcoords>true</usecontrolcoords>
                        <!--Season/Episode label-->
                        <control type="label">
                            <height>28</height>
                            <width>650</width>
                            <align>left</align>
							<posx>-9</posx>
							<posy>2</posy>
                            <aligny>center</aligny>
                            <font>Reg36</font>
                         	<textcolor>$INFO[Skin.String(BingieSecondaryTextColor)]</textcolor>
                            <label>$VAR[BingieEpisodeInfoHeader]</label>
                        </control>
                    </control>
				
						<!-- Movie and TV Show Continue Watching -->
                        <control type="group">
							<visible>!$EXP[IsCategoryDBType]</visible>
                            <visible>Skin.HasSetting(MovieDetailsHome)</visible>
							<visible>Integer.IsGreater(ListItem.PercentPlayed,1) | [$EXP[IsMainMenuOpened] + Integer.IsGreater(Window(Home).Property(ListItem.PercentPlayed),1)]</visible>
                            <top>29</top>
							<left>1</left>
							<width>650</width>
                            <height>30</height>
                            <aligny>center</aligny>
                            <control type="progress">
                                <width>185</width>
                                <height>8</height>
                                <texturebg colordiffuse="$INFO[Skin.String(BingieDetailsFlagColor)]" border="0">diffuse/panel2.png</texturebg>
                                <lefttexture/>
                                <midtexture colordiffuse="$INFO[Skin.String(OSDProgressBarColor)]" border="4">diffuse/panel2.png</midtexture>
                                <righttexture/>
                                <info>ListItem.PercentPlayed</info>
                            </control>
                            <control type="label">
                                <top>-11</top>
                                <left>214</left>
                                <height>25</height>
                                <width>450</width>
                                <font>Reg26</font>
                                <textcolor>$INFO[Skin.String(BingieSecondaryTextColor)]</textcolor>
                                <label>$VAR[PercentRemained,,% $LOCALIZE[31059]]</label>
                            </control>
                        </control>

					<!-- Bingie Home Plot -->
                    <control type="textbox" id="90009">
					<visible>!$EXP[IsMainMenuOpened]</visible>
					<visible>!$EXP[IsCategoryDBType]</visible>
                        <visible>Skin.HasSetting(MovieDetailsHome) + !Integer.IsGreater(ListItem.PercentPlayed,1) | !Skin.HasSetting(MovieDetailsHome)</visible>
                        <include>Default_Visible_Fade</include>
						<top></top>
						<height min="30" max="121">auto</height>   <!--80 for 2 lines with the larger font-->
                        <width max="820">auto</width>                   <!-- default - 620 - -->
                        <align>left</align>                            <!-- default - justify - -->
                        <font>Plots</font>
						<textcolor>$INFO[Skin.String(BingiePlotTextColor)]</textcolor>
                        <label>$VAR[BingiePlot]</label>
                    </control>

                    <!-- Additional Info -->
                    <include content="Bingie_Additional_Info">
                        <param name="visibility" value="!$EXP[IsEpisodeDBType] + !$EXP[IsCategoryDBType] + !$EXP[IsMainMenuOpened] + !$EXP[IsTVShowInLastEpisodes] | Skin.HasSetting(DisableTop250) + !$EXP[IsEpisodeDBType] + !$EXP[IsCategoryDBType] + !$EXP[IsMainMenuOpened]"/>
                    </include>
                </control>

                <!-- Footer -->
				<control type="group">
						<visible>!$EXP[IsCategoryDBType]</visible>
						<visible>!String.IsEqual(window(home).Property(widgetstyle),highlight)</visible>
						<include condition="!Skin.HasSetting(EnableFooterBarOnHome)">Bingie_Footer</include>
						<animation effect="slide" end="0,40" time="300" condition="!$EXP[IsCurrentWidgetSpotlight] + [String.IsEqual(Skin.String(widgetstyle),landscape) | String.IsEqual(Skin.String(widgetstyle),landscapedetails)]">Conditional</animation>
						<animation effect="slide" end="0,58" time="300" condition="$EXP[IsCurrentWidgetSpotlight] + [String.IsEqual(Skin.String(widgetstyle),landscapesmall) | String.IsEqual(Skin.String(widgetstyle),banner) | String.IsEqual(Skin.String(widgetstyle),minisquare)]">Conditional</animation>
				</control>
            </control>

            <!-- Widgets -->
            <control type="grouplist" id="77777">
                <animation time="300" effect="fade" start="100" end="70" reversible="true" easing="inout" condition="$EXP[IsMainMenuOpened] + !$EXP[IsPlayingRecognizedContent]">Conditional</animation>
				<animation effect="slide" end="0,33" time="300" condition="$EXP[IsCurrentWidgetSpotlight]">Conditional</animation>
				<animation effect="slide" end="0,58" time="300" condition="$EXP[IsCurrentWidgetSpotlight] + [String.IsEqual(Skin.String(widgetstyle),landscapesmall) | String.IsEqual(Skin.String(widgetstyle),banner) | String.IsEqual(Skin.String(widgetstyle),minisquare)]">Conditional</animation>
				<animation effect="slide" end="0,40" time="300" condition="!$EXP[IsCurrentWidgetSpotlight] + [String.IsEqual(Skin.String(widgetstyle),landscape) | String.IsEqual(Skin.String(widgetstyle),landscapedetails)] + !String.IsEqual(window(home).Property(widgetstyle),highlight)">Conditional</animation>
                <usecontrolcoords>true</usecontrolcoords>
                <include condition="Skin.HasSetting(BingieHomeDisableFirstRow)">Bingie_Alt_Height_No_Spotlight</include>
				<include condition="!Skin.HasSetting(EnableFixedFocusWidgets)" content="top">
                    <param name="top" value="619" />
                </include>
				<top>571</top>
                <include condition="Skin.HasSetting(EnableFixedFocusWidgets) + [Window.IsActive(Home) | [$EXP[IsBingieHubsActive] + Skin.HasSetting(LockHubWidgets)]]">Fixed_Focus_Bottom</include>
                <bottom>0</bottom>
                <include condition="Skin.HasSetting(EnableFixedFocusWidgets) + [Window.IsActive(Home) | [$EXP[IsBingieHubsActive] + Skin.HasSetting(LockHubWidgets)]]">Fixed_Focus_Itemgap</include>
                <itemgap>2</itemgap>
                <pagecontrol>317</pagecontrol>
                <width>100%</width>
                <!--<onfocus>SetProperty(PrevWidgetID,$INFO[Window(Home).Property(CurrentWidgetID)],Home)</onfocus>-->
                <onback condition="$EXP[IsPlayingRecognizedContent]">SetFocus(509)</onback>
                <onback condition="!$EXP[IsPlayingRecognizedContent] + $EXP[IsBingieViewsActive]">900</onback>
                <onleft condition="!Skin.HasSetting(EnhancedHome_Circular) + $EXP[IsBingieViewsActive] + $EXP[IsPlayingUnrecognizedContent]">SetProperty(KeepPlayingPreview,1,Home)</onleft>
                <onleft condition="!Skin.HasSetting(EnhancedHome_Circular) | !$EXP[IsBingieViewsActive]">900</onleft>
                <include content="BingieSpotlightWidget" condition="[Window.IsActive(Home) | $EXP[IsBingieHubsActive]] + !Skin.HasSetting(BingieHomeDisableFirstRow) + !Skin.HasSetting(DisableSpotlightContent)">
                    <param name="widgetid" value="1508"/>
                </include>
                <include condition="Window.IsActive(Home)">skinshortcuts-template-Widgets</include>
                <include condition="Window.IsActive(1110)">bingie_items_tvshows</include>
                <include condition="Window.IsActive(1111)">bingie_items_movies</include>
                <include condition="Window.IsActive(1112)">bingie_items_new</include>
                <include condition="Window.IsActive(1113)">bingie_items_myhub</include>
                <include condition="Window.IsActive(1114)">bingie_items_mylist</include>
                <include condition="Window.IsActive(1115)">bingie_items_mycustom</include>
            </control>
         			
	   <!-- Fixed Focus Frame -->
			<control type="group">
				<include condition="Skin.HasSetting(EnableFixedFrameWidgets) + Skin.HasSetting(EnableFixedFocusWidgets) + $EXP[IsSupportedFixedFrameLayout] + [Window.IsActive(Home) | [$EXP[IsBingieHubsActive2] | [Window.IsActive(1114) + Skin.HasSetting(AddToWatchlist)]] + Skin.HasSetting(LockHubWidgets)]">Bingie_Screens_Fixed_Focus_Frame</include>
				<animation effect="slide" end="0,40" time="0" condition="!$EXP[IsCurrentWidgetSpotlight] + [String.IsEqual(Skin.String(widgetstyle),landscape) | String.IsEqual(Skin.String(widgetstyle),landscapedetails)]">Conditional</animation>
			</control>
			<!--<include content="Highlight_Fixed_Frame_Test">
                <param name="width" value="360" />
                <param name="height" value="714" />
                <param name="FixedFrameTexture" value="$INFO[Skin.String(thumbsborder_focused),bingie/border/poster_fo_,.png]" />
            </include>-->

            <!-- gradient overlays on widgets -->
            <control type="group">
                <visible>!$EXP[IsCurrentWidgetSpotlight]</visible>
                <include condition="Skin.HasSetting(EnhancedHome_Circular)">Bingie_Right_Gradient</include>
                <include condition="!Skin.HasSetting(EnhancedHome_Circular)">Bingie_Left_Gradient</include>
            </control>
	
	<!--Netflix Diffuse Logo-->
			<control type="image">
				<visible>Skin.HasSetting(EnableNetflixLogo) + [Window.IsActive(Home) | Window.IsActive(1110) | Window.IsActive(1111) | Window.IsActive(1112) | Window.IsActive(1113) | [Window.IsActive(1114) + [String.IsEqual(Skin.String(widgetstyle),landscape) | String.IsEqual(Skin.String(widgetstyle),landscapesmall) | String.IsEqual(Skin.String(widgetstyle),landscapelarge) | String.IsEqual(Skin.String(widgetstyle),landscapedetails) | String.IsEqual(Skin.String(widgetstyle),poster) | String.IsEqual(Skin.String(widgetstyle),smallposter) | String.IsEqual(Skin.String(widgetstyle),posterdetails) | String.IsEqual(Skin.String(widgetstyle),singlebox) | String.IsEqual(Skin.String(widgetstyle),widebox)]]]</visible> 
				<description>diffuse behind Netflix logo</description>
				<left>1304</left>
				<top>710</top>
				<width>0</width>
				<height>400</height>
				<visible></visible>
				<aspectratio align="left">keep</aspectratio>
				<colordiffuse>f2000000</colordiffuse> <!--$VAR[BingiePanelColor]-->
                <texture background="true">home/netflix_diffuse.png</texture>
			</control>
	<!--Netflix Logo-->
			<control type="image">
				<visible>Skin.HasSetting(EnableNetflixLogo) + !Window.IsActive(1110) + !Window.IsActive(1111) + !Window.IsActive(1114) + !Window.IsActive(1115)</visible>
				<description>Netflix logo</description>
				<left>1604</left>
				<top>905</top>
				<width>0</width>
				<height>165</height>
				<visible></visible>
				<aspectratio align="left">keep</aspectratio>
				<texture>home/netflix_logo.png</texture>
				<colordiffuse></colordiffuse>
			</control>

			<control type="grouplist">
				<visible>Skin.HasSetting(EnableNetflixLogo) + [Window.IsActive(1110) | Window.IsActive(1111) | Window.IsActive(1114) + [String.IsEqual(Skin.String(widgetstyle),landscape) | String.IsEqual(Skin.String(widgetstyle),landscapesmall) | String.IsEqual(Skin.String(widgetstyle),landscapelarge) | String.IsEqual(Skin.String(widgetstyle),landscapedetails) | String.IsEqual(Skin.String(widgetstyle),poster) | String.IsEqual(Skin.String(widgetstyle),smallposter) | String.IsEqual(Skin.String(widgetstyle),posterdetails) | String.IsEqual(Skin.String(widgetstyle),singlebox) | String.IsEqual(Skin.String(widgetstyle),widebox)]]</visible>
				<orientation>horizontal</orientation>
				<height>56</height>
				<width>300</width>
				<itemgap>10</itemgap>
				<right>130</right>
				<top>973</top>
				<align>right</align>
			<control type="image">
				<width>8</width>
				<height>39</height>
				<texture background="true" colordiffuse="ffE50914">bingie/line.png</texture>
			</control>
			<control type="label">
				<width>auto</width>
				<textoffsetx>0</textoffsetx>
				<height>37</height>
                <font>bold38</font>
				<align>right</align>
				<label>$VAR[HubNames]</label>
			</control>
			</control>
				
            <control type="scrollbar" id="317">
                <visible>!Skin.HasSetting(EnableFixedFocusWidgets) + [Skin.HasSetting(EnableTouchSupport) | Skin.HasSetting(alwaysShowScrollbars)]</visible>
                <width>15</width>
                <orientation>vertical</orientation>
                <include condition="Skin.HasSetting(BingieHomeDisableFirstRow)">Bingie_Alt_Height_No_Spotlight</include>
                <top>620</top>
                <right>0</right>
                <bottom>7</bottom>
                <onleft>77777</onleft>
                <onright>noop</onright>
                <showonepage>false</showonepage>
            </control>						
        </control>

		<include>Header</include>

        <include content="Dim_Overlay">
            <param name="visibility" value="$EXP[IsMainMenuOpened]" />
        </include>

        <include>BingieSideBladeMainMenu</include>
		 
		<!-- Snow Effect -->
        <control type="group">
            <include condition="Skin.HasSetting(enablesnow)">snow</include>
        </control>
		<!-- Halloween Effect -->
        <control type="group">
            <include condition="Skin.HasSetting(enablepumpkins)">pumpkin</include>
        </control>
    </include>
	
</includes>