<?xml version="1.0" encoding="utf-8"?>
<!-- BINGIE -->
<window>
    <defaultcontrol always="true">50</defaultcontrol>
    
	<onunload>ClearProperty(ShowViewSubMenu,Home)</onunload>
    <controls>
        <!--Global Background-->
        <include>GlobalBackground</include>
		<!--Header-->
        <include>Header</include>
<!--NowPlaying-->
        <include condition="Skin.HasTheme(classic)">NowPlayingMusicClassic</include>
        <include condition="Skin.HasTheme(classic)">NowPlayingVideoClassic</include>
		<include condition="!Skin.HasTheme(classic)">NowPlayingModern</include>
		 
 		<!-- weather View -->
		<include condition="!Skin.HasSetting(useExtendedWeatherScreen)">SimpleWeather</include>
		<include condition="Skin.HasSetting(useExtendedWeatherScreen)">ExtendedWeather</include>
		
		
        <!--Sub Menu Tab Left-->
        <include condition="!Skin.HasSetting(DisableSideBladeIndicator)">SideBladeMenuTabLeft</include>
        <!--Sub Menu-->
        <control type="group">
            <include condition="Skin.HasTheme(classic) | Skin.HasSetting(smallContextMenu)">SideBladeClassic</include>
			<include condition="![Skin.HasTheme(classic) | Skin.HasSetting(smallContextMenu)]">SideBladeModern</include>
            <!--Grouplist 9000-->
            <control type="grouplist" id="9000">
                <posx>21</posx>
                <posy>190</posy>
                <width>458</width>
                <height>750</height>
                <itemgap>3</itemgap>
                <onleft>50</onleft>
                <onright>50</onright>
				<visible>!Skin.HasSetting(KioskMode.Enabled)</visible>
				<onright>ClearProperty(ShowViewSubMenu,Home)</onright>
				<onleft>ClearProperty(ShowViewSubMenu,Home)</onleft>
				<onback>ClearProperty(ShowViewSubMenu,Home)</onback>
				<onback>50</onback>
                <onup>9000</onup>
                <ondown>9000</ondown>
                <orientation>vertical</orientation>
                <!--Buttons-->
                <control type="label" id="200">
                    <!--Label Menu-->
                    <width>458</width>
                    <align>left</align>
                    <textoffsetx>50</textoffsetx>
                    <font>Bold40</font>
                    <textcolor>$INFO[Skin.String(GeneralHighlightTextColor)]</textcolor>
                    <label>$LOCALIZE[33061]:</label>
					<visible>Skin.HasTheme(classic)</visible>
                </control>
                <control type="image" id="201">
                    <!--Seperator-->
                    <width>458</width>
                    <height>10</height>
                    <align>left</align>
                    <texture>common/menu-separator.png</texture>
					<visible>Skin.HasTheme(classic)</visible>
                </control>
                <control type="button" id="2">
                    <!--Refresh-->
                    <description>Refresh</description>
                    <label>184</label>
                    <include>SideBladeMenuButton</include>
                </control>
                <control type="button" id="4">
                    <!--Settings-->
                    <description>Settings</description>
                    <label>5</label>
                    <onclick>ActivateWindow(servicesettings,weather)</onclick>
                    <include>SideBladeMenuButton</include>
                </control>
                <control type="spincontrolex" id="3">
                    <!--Location Select-->
                    <description>Location Select</description>
                    <font/>
                    <width>485</width>
                    <align>left</align>
                    <textcolor/>
                    <focusedcolor/>
                    <disabledcolor/>
                    <pulseonselect>false</pulseonselect>
                    <texturefocus colordiffuse="$INFO[Skin.String(ButtonFocusColor)]">colors/color_white.png</texturefocus>
                    <texturenofocus/>
					<textoffsety>50</textoffsety>
                </control>
				
				<control type="button" id="1224">
                    <description>Weather Icons</description>
                    <label>31623</label>
                    <onclick>RunScript(script.skin.helper.service,action=setresourceaddon,skinstring=WeatherIconPack,addontype=resource.images.weathericons)</onclick>
                    <include>SideBladeMenuButton</include>
                </control>
                
                <control type="button" id="1225">
                    <!--Icons-->
                    <description>Weather FanArt</description>
                    <label>31624</label>
                    <onclick>RunScript(script.skin.helper.service,action=setresourceaddon,skinstring=WeatherFanArtPack,addontype=resource.images.weatherfanart)</onclick>
                    <include>SideBladeMenuButton</include>
                </control>
				
				<control type="radiobutton" id="5163">
                    <description>use extended weather screen</description>
                    <label>31452</label>
                    <include>SideBladeMenuButton</include>
                    <onclick>Skin.ToggleSetting(useExtendedWeatherScreen)</onclick>
                    <selected>Skin.HasSetting(useExtendedWeatherScreen)</selected>
					<onclick>ReloadSkin()</onclick>
                </control>
                         <control type="radiobutton" id="3052">
                    <!--Hide panel -->
                    <include>SideBladeMenuButton</include>
                    <label>31155</label>
                    <onclick>Skin.ToggleSetting(MyWeatherHidepanel)</onclick>
                    <selected>Skin.HasSetting(MyWeatherHidepanel)</selected>
                </control>
				<control type="radiobutton" id="88552200">
				<include>SideBladeMenuButton</include>
                <label>31268</label>
                <onclick>Skin.ToggleSetting(MyWeatherDisableFanArt)</onclick>
                <selected>Skin.HasSetting(MyWeatherDisableFanArt)</selected>
				</control>
                         <control type="button" id="84403">
                    <!--Open Skin settings-->
                    <include>SideBladeMenuButton</include>
                    <label>20077</label>
                    <onclick>ClearProperty(ShowViewSubMenu,Home)</onclick>
                    <onclick>SetFocus(5000)</onclick>
                    <onclick>SetProperty(SkinSettingSection,6,Home)</onclick>
                    <onclick>ActivateWindow(1105)</onclick>
                </control>


            </control>
            <control type="label">
                <!--Location Label UnFocus-->
                <visible>!ControlGroup(9000).HasFocus(3)</visible>
                <description>Location Label</description>
                <posx>21</posx>
                <posy>315</posy>
                <width>400</width>
				<include>SideBladeMenuButton</include>
                <label>$INFO[Control.GetLabel(3)]</label>
                <textoffsetx>40</textoffsetx>
				<animation effect="slide" end="0,76" time="0" condition="Skin.HasTheme(classic)">Conditional</animation>
            </control>
            <control type="label">
                <!--Location Label Focus-->
                <visible>ControlGroup(9000).HasFocus(3)</visible>
                <description>Location Label</description>
                <posx>21</posx>
                <posy>315</posy>
                <width>400</width>
                <textcolor>$INFO[Skin.String(ButtonFocusTextColor)]</textcolor>
				<font>Reg26</font>
                <label>$INFO[Control.GetLabel(3)]</label>
                <textoffsetx>40</textoffsetx>
				<animation effect="slide" end="0,76" time="0" condition="Skin.HasTheme(classic)">Conditional</animation>
            </control>
        </control>
        <include condition="Skin.HasSetting(DebugGrid) | Skin.HasSetting(DebugInfo)">DebugInfo</include>
    </controls>
</window>
