<?xml version="1.0" encoding="utf-8"?>
<!-- BINGIE -->
<window type="dialog" id="400">

    <defaultcontrol always="true">100</defaultcontrol>
	
	<include>animation_window_open_close</include>
           		
    <visible>Player.HasMedia + Window.IsActive(PlayerControls) + !Window.IsActive(fullscreenvideo) + !Window.IsActive(Visualisation)</visible>
    <coordinates>
        <system>1</system>
    </coordinates>
    <controls>
	
	<include>DialogOverlayExtra</include>

	<!--NowPlaying-->
	<include condition="Skin.HasTheme(classic)">NowPlayingMusicClassic</include>
	<include condition="Skin.HasTheme(classic)">NowPlayingVideoClassic</include>
	<include condition="!Skin.HasTheme(classic)">NowPlayingModern</include>
		
		<control type="group">
			<left>585</left>
			<top>310</top>
			<control type="image">
				<left>0</left>
				<top>0</top>
				<width>745</width>
				<height>395</height>
				<colordiffuse>$INFO[Skin.String(OSDPanelColor)]</colordiffuse>
				<texture border="5">diffuse/panel.png</texture>
			</control>
			
			<control type="image">
				<left>+10</left>
				<top>+10</top>
				<width>725</width>
				<height>375</height>
				<colordiffuse>$INFO[Skin.String(OSDPanelColor)]</colordiffuse>
				<texture border="5">diffuse/panel.png</texture>
			</control>

			<control type="group" id="100">
				<left>38</left>
				<top>300</top>
				<defaultcontrol always="true">603</defaultcontrol>
				<visible>!VideoPlayer.Content(LiveTV)</visible>
				<control type="button" id="600">
					<left>0</left>
					<top>0</top>
					<width>60</width>
					<height>60</height>
					<label/>
					<texturefocus>player-controls/OSDPrevTrackfo.png</texturefocus>
					<texturenofocus>player-controls/OSDPrevTracknf.png</texturenofocus>
					<onleft>609</onleft>
					<onright>601</onright>
					<onup>900</onup>
					<ondown>200</ondown>
					<onclick>PlayerControl(Previous)</onclick>
					<visible>!VideoPlayer.Content(LiveTV)</visible>
				</control>
				<control type="button" id="601">
					<left>60</left>
					<top>0</top>
					<width>60</width>
					<height>60</height>
					<label/>
					<texturefocus>player-controls/OSDRewindfo.png</texturefocus>
					<texturenofocus>player-controls/OSDRewindnf.png</texturenofocus>
					<onleft>600</onleft>
					<onright>603</onright>
					<onup>900</onup>
					<ondown>200</ondown>
					<onclick>PlayerControl(Rewind)</onclick>
					<visible>!VideoPlayer.Content(LiveTV)</visible>
				</control>
				<control type="togglebutton" id="603">
					<left>120</left>
					<top>0</top>
					<width>60</width>
					<height>60</height>
					<label/>
					<texturefocus>player-controls/OSDPausefo.png</texturefocus>
					<texturenofocus>player-controls/OSDPausenf.png</texturenofocus>
					<usealttexture>Player.Paused | Player.Forwarding | Player.Rewinding</usealttexture>
					<alttexturefocus>player-controls/OSDPlayfo.png</alttexturefocus>
					<alttexturenofocus>player-controls/OSDPlaynf.png</alttexturenofocus>
					<onleft>601</onleft>
					<onright>602</onright>
					<onup>900</onup>
					<ondown>200</ondown>
					<onclick>PlayerControl(Play)</onclick>
					<visible>!VideoPlayer.Content(LiveTV)</visible>
				</control>
				<control type="button" id="602">
					<left>180</left>
					<top>0</top>
					<width>60</width>
					<height>60</height>
					<label/>
					<texturefocus>player-controls/OSDStopfo.png</texturefocus>
					<texturenofocus>player-controls/OSDStopnf.png</texturenofocus>
					<onleft>603</onleft>
					<onright>604</onright>
					<onup>900</onup>
					<ondown>200</ondown>
					<onclick>down</onclick>
					<onclick>PlayerControl(Stop)</onclick>
					<visible>!VideoPlayer.Content(LiveTV)</visible>
				</control>
				<control type="button" id="604">
					<left>240</left>
					<top>0</top>
					<width>60</width>
					<height>60</height>
					<label/>
					<texturefocus>player-controls/OSDForwardfo.png</texturefocus>
					<texturenofocus>player-controls/OSDForwardnf.png</texturenofocus>
					<onleft>602</onleft>
					<onright>605</onright>
					<onup>900</onup>
					<ondown>200</ondown>
					<onclick>PlayerControl(Forward)</onclick>
					<visible>!VideoPlayer.Content(LiveTV)</visible>
				</control>
				<control type="button" id="605">
					<left>300</left>
					<top>0</top>
					<width>60</width>
					<height>60</height>
					<label/>
					<texturefocus>player-controls/OSDNextTrackfo.png</texturefocus>
					<texturenofocus>player-controls/OSDNextTracknf.png</texturenofocus>
					<onleft>604</onleft>
					<onright>606</onright>
					<onup>900</onup>
					<ondown>200</ondown>
					<onclick>PlayerControl(Next)</onclick>
					<visible>!VideoPlayer.Content(LiveTV)</visible>
				</control>
				<control type="button" id="606">
					<left>360</left>
					<top>0</top>
					<width>60</width>
					<height>60</height>
					<label/>
					<texturefocus>player-controls/OSDRecordOfffo.png</texturefocus>
					<texturenofocus>player-controls/OSDRecordOffnf.png</texturenofocus>
					<onleft>605</onleft>
					<onright>607</onright>
					<onup>900</onup>
					<ondown>200</ondown>
					<onclick>PVR.ToggleRecordPlayingChannel</onclick>
					<enable>PVR.CanRecordPlayingChannel</enable>
					<animation effect="fade" start="100" end="30" time="100" condition="!PVR.CanRecordPlayingChannel">Conditional</animation>
					<visible>!VideoPlayer.Content(LiveTV)</visible>
				</control>
				<control type="group">
					<animation effect="slide" start="0,0" end="60,0" time="0" condition="!Player.HasAudio">Conditional</animation>
					<control type="button" id="607">
						<left>488</left>
						<top>0</top>
						<width>60</width>
						<height>60</height>
						<label/>
						<!-- check -->
						<texturefocus/>
						<texturenofocus/>
						<onclick>PlayerControl(Repeat)</onclick>
						<onleft>606</onleft>
						<onright>608</onright>
						<onup>100</onup>
						<ondown>100</ondown>
						<visible>!VideoPlayer.Content(LiveTV)</visible>
					</control>
					<control type="image">
						<left>488</left>
						<top>0</top>
						<width>60</width>
						<height>60</height>
						<texture>player-controls/OSDRepeatnf.png</texture>
						<visible>!Playlist.IsRepeat + !Playlist.IsRepeatOne</visible>
						<visible>!Control.HasFocus(607)</visible>
						<visible>!VideoPlayer.Content(LiveTV)</visible>
					</control>
					<control type="image">
						<left>488</left>
						<top>0</top>
						<width>60</width>
						<height>60</height>
						<texture>player-controls/OSDRepeatfo.png</texture>
						<visible>!Playlist.IsRepeat + !Playlist.IsRepeatOne</visible>
						<visible>Control.HasFocus(607)</visible>
						<visible>!VideoPlayer.Content(LiveTV)</visible>
					</control>
					<control type="image">
						<left>488</left>
						<top>0</top>
						<width>60</width>
						<height>60</height>
						<texture>player-controls/OSDRepeatOnenf.png</texture>
						<visible>Playlist.IsRepeatOne</visible>
						<visible>!Control.HasFocus(607)</visible>
						<visible>!VideoPlayer.Content(LiveTV)</visible>
					</control>
					<control type="image">
						<left>488</left>
						<top>0</top>
						<width>60</width>
						<height>60</height>
						<texture>player-controls/OSDRepeatOnefo.png</texture>
						<visible>Playlist.IsRepeatOne</visible>
						<visible>Control.HasFocus(607)</visible>
						<visible>!VideoPlayer.Content(LiveTV)</visible>
					</control>
					<control type="image">
						<left>488</left>
						<top>0</top>
						<width>60</width>
						<height>60</height>
						<texture>player-controls/OSDRepeatAllnf.png</texture>
						<visible>Playlist.IsRepeat</visible>
						<visible>!Control.HasFocus(607)</visible>
						<visible>!VideoPlayer.Content(LiveTV)</visible>
					</control>
					<control type="image">
						<left>488</left>
						<top>0</top>
						<width>60</width>
						<height>60</height>
						<texture>player-controls/OSDRepeatAllfo.png</texture>
						<visible>Playlist.IsRepeat</visible>
						<visible>Control.HasFocus(607)</visible>
						<visible>!VideoPlayer.Content(LiveTV)</visible>
					</control>
					<control type="togglebutton" id="608">
						<left>548</left>
						<top>0</top>
						<width>60</width>
						<height>60</height>
						<label/>
						<texturefocus>player-controls/OSDRandomOfffo.png</texturefocus>
						<texturenofocus>player-controls/OSDRandomOffnf.png</texturenofocus>
						<usealttexture>Playlist.IsRandom</usealttexture>
						<alttexturefocus>player-controls/OSDRandomOnfo.png</alttexturefocus>
						<alttexturenofocus>player-controls/OSDRandomOnnf.png</alttexturenofocus>
						<onclick>PlayerControl(Random)</onclick>
						<onleft>607</onleft>
						<onright>609</onright>
						<onup>100</onup>
						<ondown>100</ondown>
						<visible>!VideoPlayer.Content(LiveTV)</visible>
					</control>
					<control type="togglebutton" id="609">
						<left>608</left>
						<top>0</top>
						<width>60</width>
						<height>60</height>
						<label>24013</label>
						<font/>
						<texturefocus>player-controls/OSDLyricsfo.png</texturefocus>
						<texturenofocus>player-controls/OSDLyricsnf.png</texturenofocus>
						<alttexturefocus>player-controls/OSDLyricsfo.png</alttexturefocus>
						<alttexturenofocus>player-controls/OSDLyricsnf.png</alttexturenofocus>
						<onleft>608</onleft>
						<onright>600</onright>
						<onup>100</onup>
						<ondown>100</ondown>
						<onclick>Close</onclick>
						<onclick>ActivateWindow(Visualisation)</onclick>
						<onclick>RunScript($INFO[Skin.String(LyricScript_Path)])</onclick>
						<altclick>Skin.SetAddon(LyricScript_Path,xbmc.python.lyrics)</altclick>
						<altclick>Close</altclick>
						<altclick>RunScript($INFO[Skin.String(LyricScript_Path)])</altclick>
						<usealttexture>String.IsEmpty(Skin.String(LyricScript_Path))</usealttexture>
						<visible>Player.HasAudio</visible>
						<visible>!VideoPlayer.Content(LiveTV)</visible>
					</control>
				</control>
			</control>
			<control type="group" id="100">
				<left>38</left>
				<top>300</top>
				<defaultcontrol always="true">700</defaultcontrol>
				<visible>VideoPlayer.Content(LiveTV)</visible>
				<control type="button" id="701">
					<left>0</left>
					<top>0</top>
					<width>60</width>
					<height>60</height>
					<label/>
					<texturefocus>player-controls/OSDRewindfo.png</texturefocus>
					<texturenofocus>player-controls/OSDRewindnf.png</texturenofocus>
					<onleft>706</onleft>
					<onright>702</onright>
					<onup>900</onup>
					<ondown>200</ondown>
					<onclick>PlayerControl(Rewind)</onclick>
					<visible>VideoPlayer.Content(LiveTV)</visible>
					<enable>Player.SeekEnabled</enable>
					
				</control>
				<control type="button" id="702">
					<left>60</left>
					<top>0</top>
					<width>60</width>
					<height>60</height>
					<label/>
					<texturefocus>player-controls/OSDStopfo.png</texturefocus>
					<texturenofocus>player-controls/OSDStopnf.png</texturenofocus>
					<onleft>701</onleft>
					<onright>703</onright>
					<onup>900</onup>
					<ondown>200</ondown>
					<onclick>down</onclick>
					<onclick>PlayerControl(Stop)</onclick>
					<visible>VideoPlayer.Content(LiveTV)</visible>
				</control>
				<control type="togglebutton" id="703">
					<left>120</left>
					<top>0</top>
					<width>60</width>
					<height>60</height>
					<label/>
					<texturefocus>player-controls/OSDPausefo.png</texturefocus>
					<texturenofocus>player-controls/OSDPausenf.png</texturenofocus>
					<usealttexture>Player.Paused | Player.Forwarding | Player.Rewinding</usealttexture>
					<alttexturefocus>player-controls/OSDPlayfo.png</alttexturefocus>
					<alttexturenofocus>player-controls/OSDPlaynf.png</alttexturenofocus>
					<onleft>702</onleft>
					<onright>704</onright>
					<onup>900</onup>
					<ondown>200</ondown>
					<onclick>PlayerControl(Play)</onclick>
					<visible>VideoPlayer.Content(LiveTV)</visible>
					<enable>false</enable>
					<enable>Player.PauseEnabled</enable>
					
				</control>
				<control type="button" id="704">
					<left>180</left>
					<top>0</top>
					<width>60</width>
					<height>60</height>
					<label/>
					<texturefocus>player-controls/OSDForwardfo.png</texturefocus>
					<texturenofocus>player-controls/OSDForwardnf.png</texturenofocus>
					<onleft>703</onleft>
					<onright>700</onright>
					<onup>900</onup>
					<ondown>200</ondown>
					<onclick>PlayerControl(Forward)</onclick>
					<visible>VideoPlayer.Content(LiveTV)</visible>
					<enable>Player.SeekEnabled</enable>
					
				</control>
				<control type="button" id="700">
					<left>300</left>
					<top>0</top>
					<width>60</width>
					<height>60</height>
					<label/>
					<texturefocus>player-controls/osdchannelUPfo.png</texturefocus>
					<texturenofocus>player-controls/osdchannelUPnf.png</texturenofocus>
					<onleft>704</onleft>
					<onright>705</onright>
					<onup>900</onup>
					<ondown>200</ondown>
					<onclick>ChannelDown</onclick>
					<visible>VideoPlayer.Content(LiveTV)</visible>
				</control>
				<control type="button" id="705">
					<left>360</left>
					<top>0</top>
					<width>60</width>
					<height>60</height>
					<label/>
					<texturefocus>player-controls/osdchannelDownfo.png</texturefocus>
					<texturenofocus>player-controls/osdchannelDownnf.png</texturenofocus>
					<onleft>700</onleft>
					<onright>706</onright>
					<onup>900</onup>
					<ondown>200</ondown>
					<onclick>ChannelUp</onclick>
					<visible>VideoPlayer.Content(LiveTV)</visible>
				</control>
				<control type="button" id="706">
					<left>420</left>
					<top>0</top>
					<width>60</width>
					<height>60</height>
					<label/>
					<texturefocus>player-controls/OSDRecordOfffo.png</texturefocus>
					<texturenofocus>player-controls/OSDRecordOffnf.png</texturenofocus>
					<onleft>705</onleft>
					<onright>701</onright>
					<onup>900</onup>
					<ondown>200</ondown>
					<onclick>PVR.ToggleRecordPlayingChannel</onclick>
					<enable>PVR.CanRecordPlayingChannel</enable>
					<animation effect="fade" start="100" end="30" time="100" condition="!PVR.CanRecordPlayingChannel">Conditional</animation>
					<visible>VideoPlayer.Content(LiveTV)</visible>
				</control>
			</control>
			<!-- Music Info -->
			<control type="group">
				<visible>Player.HasAudio</visible>
						
			<control type="image">
				<description>Cover image</description>
				<left>30</left>
				<top>66</top>
				<width>195</width>
				<height>195</height>
				<texture background="true">$VAR[AudioPlayerCoverImage]</texture>
			</control>
			<control type="label">
				<description>Artist label</description>
				<left>240</left>
				<top>70</top>
				<height>45</height>
				<width>488</width>
				<label>$INFO[MusicPlayer.Artist]</label>
				<align>left</align>
				<aligny>center</aligny>
				<font>Bold26</font>
				<textcolor>$INFO[Skin.String(OSDSecondaryTextColor)]</textcolor>
				<shadowcolor>$INFO[Skin.String(OSDSecondaryTextShadowColor)]</shadowcolor>
			</control>
			<control type="fadelabel">
				<description>Title label</description>
				<left>240</left>
				<top>104</top>
				<height>45</height>
				<width>488</width>
				<label>$INFO[Player.Title]</label>
				<align>left</align>
				<aligny>center</aligny>
				<font>Bold28</font>
				<textcolor>$INFO[Skin.String(OSDPrimaryTextColor)]</textcolor>
				<shadowcolor>$INFO[Skin.String(OSDPrimaryTextShadowColor)]</shadowcolor>
				<scrollout>false</scrollout>
				<pauseatend>2000</pauseatend>
			</control>
			<control type="label">
				<description>Album Label</description>
				<left>240</left>
				<top>145</top>
				<height>45</height>
				<width>488</width>
				<label>$INFO[MusicPlayer.Album]$INFO[musicplayer.discnumber, - $LOCALIZE[427]:]</label>
				<align>left</align>
				<aligny>center</aligny>
				<font>Reg26</font>
				<textcolor>$INFO[Skin.String(OSDPrimaryTextColor)]</textcolor>
				<shadowcolor>$INFO[Skin.String(OSDPrimaryTextShadowColor)]</shadowcolor>
			</control>
			<control type="label">
				<description>Time Label</description>
				<left>240</left>
				<top>182</top>
				<height>45</height>
				<width>488</width>
				<label>$INFO[MusicPlayer.Time]$INFO[MusicPlayer.Duration, / ]</label>
				<align>left</align>
				<aligny>center</aligny>
				<font>Reg26</font>
				<textcolor>$INFO[Skin.String(OSDPrimaryTextColor)]</textcolor>
				<shadowcolor>$INFO[Skin.String(OSDPrimaryTextShadowColor)]</shadowcolor>
			</control>
			<control type="label">
				<description>Next Label</description>
				<left>240</left>
				<top>220</top>
				<height>45</height>
				<width>488</width>
				<label>$INFO[MusicPlayer.offset(1).Title,[B]$LOCALIZE[19031]:[/B] ]</label>
				<align>left</align>
				<aligny>center</aligny>
				<font>Reg26</font>
				<textcolor>$INFO[Skin.String(OSDSecondaryTextColor)]</textcolor>
				<shadowcolor>$INFO[Skin.String(OSDSecondaryTextShadowColor)]</shadowcolor>
			</control>

						
			</control>
			
			<!-- Now Playing Video Preview with Controls -->

			<control type="group">
				<visible>Player.HasVideo</visible>
						
			<control type="videowindow">
				<centertop>+155</centertop>
				<centerleft>+375</centerleft>
				<width>475</width>
				<height>267</height>
				<aspectratio>scale</aspectratio>
				<visible>Player.HasVideo</visible>
			</control>
						
			</control>
			
			<!-- touch / mouse close window -->
			<control type="button">
				<description>Close Window button</description>
				<left>640</left>
				<top>12</top>
				<width>96</width>
				<height>48</height>
				<label/>
				<font/>
				<onclick>back</onclick>
				<texturefocus>player-controls/DialogCloseButton-focus.png</texturefocus>
				<texturenofocus>player-controls/DialogCloseButton.png</texturenofocus>
				<onleft>100</onleft>
				<onright>100</onright>
				<onup>100</onup>
				<ondown>100</ondown>
				<visible>system.getbool(input.enablemouse)</visible>
			</control>
		
		</control>
		
    </controls>
</window>
