<?xml version="1.0" encoding="UTF-8"?>
<window type="dialog">
    <defaultcontrol always="true">6000</defaultcontrol>
<controls>
    <control type="group">
			<!-- default animation -->
            <include>GlobalBackground</include>

			<!-- panel background -->
			<control type="image">
				<posy>0</posy>
				<posx>0</posx>
				<width>100%</width>
				<height>100%</height>
				<texture border="5">diffuse/panel2.png</texture>
				<colordiffuse>$VAR[BingiePanelColor]</colordiffuse>
				<aspectratio>stretch</aspectratio>
			</control>
			
			<control type="image">
                <include>FullscreenDimensions</include>
				<texture background="true" fallback="special://skin/resources/background.jpg">$INFO[Window.Property(Fanart)]</texture>
				<colordiffuse>33ffffff</colordiffuse>
				<aspectratio>scale</aspectratio>
				<fadetime>400</fadetime>
				<animation effect="fade" end="100" time="300">WindowOpen</animation>
				<animation effect="fade" start="100" end="0" time="300">WindowClose</animation>
			</control>		
			
			<control type="image" id="9005">
					<posy>20</posy>
					<posx>75</posx>
					<height>120</height>                                     
					<width>310</width>
					<align>center</align>
					<fadetime>350</fadetime>
					<aspectratio align="center" aligny="center">keep</aspectratio>
					<texture background="true" fallback="colors/color_transparent.png">$INFO[Window.Property(Clearlogo)]</texture>
				</control>
			<control type="label">
				<visible>String.EndsWith(Control.GetLabel(9005),color_transparent.png)</visible>
				<animation effect="fade" end="100" time="300">WindowOpen</animation>
				<animation effect="fade" start="100" end="0" time="300">WindowClose</animation>
				<include>animation_fade_visible_hidden</include>
				<posx>75</posx>
				<posy>27</posy>
				<width min="80" max="1400">auto</width>
				<height>100</height>
				<font>Reg50</font>
				<align>left</align>
				<textcolor>$INFO[Skin.String(HeaderTextColor)]</textcolor>
				<label>$INFO[Window.Property(Title)]</label>
				<shadowcolor>$INFO[Skin.String(HeaderTextShadowColor)]</shadowcolor>
			</control>			 
			
			<include condition="!String.IsEqual(Skin.String(general_header),disable)">TimeInfo</include>
     
			<control type="group">
					<animation effect="fade" end="100" time="200">WindowOpen</animation>
					<animation effect="fade" start="100" end="0" time="200">WindowClose</animation>
                <control type="grouplist" id="6000">
                    <orientation>vertical</orientation>
                    <scrolltime tween="sine">400</scrolltime>
                    <posx>68</posx>
                    <posy>160</posy>
                    <itemgap>0</itemgap>
                    <width>2100</width>
                    <height>930</height>
					<pagecontrol>999</pagecontrol>
                    <!-- rating stuff -->
					<control type="group">
						<height>130</height>
						<animation effect="fade" time="250">VisibleChange</animation>
						<!--First Row-->
						<control type="group">
							<posy>0</posy>
							<posx>26</posx>
							<control type="image">
								<posx>-18</posx>
								<posy>0</posy>
								<width>1560</width>
								<height>1</height>
								<colordiffuse>$INFO[Skin.String(ViewDetailsTextColor)]</colordiffuse>
								<texture>dialogs/videoinfo/info/infopanel_line.png</texture>
							</control>
							<control type="image">
								<posx>-18</posx>
								<posy>82</posy>
								<width>1560</width>
								<height>1</height>
								<colordiffuse>$INFO[Skin.String(ViewDetailsTextColor)]</colordiffuse>
								<texture>dialogs/videoinfo/info/infopanel_line.png</texture>
							</control>
							<control type="grouplist">
								<posx>-18</posx>
								<posy>0</posy>
								<width>1800</width>
								<itemgap>0</itemgap>
								<orientation>horizontal</orientation>
								<usecontrolcoords>true</usecontrolcoords>
                                <control type="group">
									<posx>0</posx>
									<width>180</width>
									<visible>!String.IsEqual(Window.Property(Rating),0.0) + !String.IsEmpty(Window.Property(Rating))</visible>
									<control type="image">
										<posx>0</posx>
										<posy>1</posy>
										<height>81</height>
										<width>1</width>
										<colordiffuse>$INFO[Skin.String(ViewDetailsTextColor)]</colordiffuse>
										<texture>dialogs/videoinfo/info/upright.png</texture>
									</control>
									<control type="label">
										<posx>0</posx>
										<posy>8</posy>
										<width>180</width>
										<height>38</height>
										<align>center</align>
										<label fallback="?">$INFO[Window.Property(Rating)]</label>
										<textcolor>$INFO[Skin.String(ViewDetailsTextColor)]</textcolor>
										<shadowcolor>$INFO[Skin.String(ViewDetailsTextShadowColor)]</shadowcolor>
										<font>Bold30</font>
									</control>
									<control type="label">
										<posx>0</posx>
										<posy>39</posy>
										<width>180</width>
										<height>38</height>
										<align>center</align>
										<aligny>center</aligny>
										<label fallback="Rating">$INFO[Window.Property(Votes),, $LOCALIZE[320203]]</label>
										<textcolor>$INFO[Skin.String(ViewDetailsTextColor)]</textcolor>
										<shadowcolor>$INFO[Skin.String(ViewDetailsTextShadowColor)]</shadowcolor>
										<font>Reg24</font>
										<textoffsetx>10</textoffsetx>
										<scroll>true</scroll>
									</control>
								</control>								
								<control type="group">
									<posx>0</posx>
									<width>220</width>
									<visible>!String.IsEmpty(Window.Property(Premiered))</visible>
									<control type="image">
										<posx>0</posx>
										<posy>1</posy>
										<height>81</height>
										<width>1</width>
										<colordiffuse>$INFO[Skin.String(ViewDetailsTextColor)]</colordiffuse>
										<texture>dialogs/videoinfo/info/upright.png</texture>
									</control>
									<control type="label">
										<posx>0</posx>
										<posy>8</posy>
										<width>220</width>
										<height>38</height>
										<align>center</align>
										<label fallback="?">$INFO[Window.Property(Premiered)]</label>
										<textcolor>$INFO[Skin.String(ViewDetailsTextColor)]</textcolor>
										<shadowcolor>$INFO[Skin.String(ViewDetailsTextShadowColor)]</shadowcolor>
										<font>Bold30</font>
									</control>
									<control type="label">
										<posx>0</posx>
										<posy>39</posy>
										<width>220</width>
										<height>38</height>
										<align>center</align>
										<aligny>center</aligny>
										<label fallback="Premiered">$LOCALIZE[320204]</label>
										<textcolor>$INFO[Skin.String(ViewDetailsTextColor)]</textcolor>
										<shadowcolor>$INFO[Skin.String(ViewDetailsTextShadowColor)]</shadowcolor>
										<font>Reg24</font>
									</control>
								</control>
								<control type="group">
									<posx>0</posx>
									<width>220</width>
									<visible>!String.IsEmpty(Window.Property(LastAired))</visible>
									<control type="image">
										<posx>0</posx>
										<posy>1</posy>
										<height>81</height>
										<width>1</width>
										<colordiffuse>$INFO[Skin.String(ViewDetailsTextColor)]</colordiffuse>
										<texture>dialogs/videoinfo/info/upright.png</texture>
									</control>
									<control type="label">
										<posx>0</posx>
										<posy>8</posy>
										<width>220</width>
										<height>38</height>
										<align>center</align>
										<label fallback="?">$INFO[Window.Property(LastAired)]</label>
										<textcolor>$INFO[Skin.String(ViewDetailsTextColor)]</textcolor>
										<shadowcolor>$INFO[Skin.String(ViewDetailsTextShadowColor)]</shadowcolor>
										<font>Bold30</font>
									</control>
									<control type="label">
										<posx>0</posx>
										<posy>39</posy>
										<width>220</width>
										<height>38</height>
										<align>center</align>
										<aligny>center</aligny>
										<label fallback="Last Air Date">$LOCALIZE[320205]</label>
										<textcolor>$INFO[Skin.String(ViewDetailsTextColor)]</textcolor>
										<shadowcolor>$INFO[Skin.String(ViewDetailsTextShadowColor)]</shadowcolor>
										<font>Reg24</font>
									</control>
								</control>
								<control type="group">
									<posx>0</posx>
									<width>145</width>
									<visible>!String.IsEmpty(Window.Property(mpaa))</visible>
									<control type="image">
										<posx>0</posx>
										<posy>1</posy>
										<height>81</height>
										<width>1</width>
										<colordiffuse>$INFO[Skin.String(ViewDetailsTextColor)]</colordiffuse>
										<texture>dialogs/videoinfo/info/upright.png</texture>
									</control>
									<control type="label">
										<posx>0</posx>
										<posy>8</posy>
										<width>145</width>
										<height>38</height>
										<align>center</align>
										<textoffsetx>10</textoffsetx>
										<label fallback="?">$INFO[Window.Property(mpaa)]</label>
										<textcolor>$INFO[Skin.String(ViewDetailsTextColor)]</textcolor>
										<shadowcolor>$INFO[Skin.String(ViewDetailsTextShadowColor)]</shadowcolor>
										<font>Bold30</font>
										<scroll>true</scroll>										
										</control>
                                    <control type="label">
										<posx>0</posx>
										<posy>39</posy>
										<width>145</width>
										<height>38</height>
										<align>center</align>
										<aligny>center</aligny>
										<label fallback="Rating">$LOCALIZE[320206]</label>
										<textcolor>$INFO[Skin.String(ViewDetailsTextColor)]</textcolor>
										<shadowcolor>$INFO[Skin.String(ViewDetailsTextShadowColor)]</shadowcolor>
										<font>Reg24</font>										
									</control>
								</control>
								<control type="group">
									<posx>0</posx>
									<width>135</width>
									<visible>!String.IsEmpty(Window.Property(Season))</visible>
									<control type="image">
										<posx>0</posx>
										<posy>1</posy>
										<height>81</height>
										<width>1</width>
										<texture>dialogs/videoinfo/info/upright.png</texture>
										<colordiffuse>$INFO[Skin.String(ViewDetailsTextColor)]</colordiffuse>
									</control>
									<control type="label">
										<posx>0</posx>
										<posy>8</posy>
										<width>135</width>
										<height>38</height>
										<align>center</align>
										<label fallback="?">$INFO[Window.Property(Season)]</label>
										<textcolor>$INFO[Skin.String(ViewDetailsTextColor)]</textcolor>
										<shadowcolor>$INFO[Skin.String(ViewDetailsTextShadowColor)]</shadowcolor>
										<font>Bold31</font>
									</control>
									<control type="label">
										<posx>0</posx>
										<posy>39</posy>
										<width>135</width>
										<height>38</height>
										<align>center</align>
										<aligny>center</aligny>
										<label>$LOCALIZE[320207]</label>
										<font>Reg24</font>
										<textcolor>$INFO[Skin.String(ViewDetailsTextColor)]</textcolor>
										<shadowcolor>$INFO[Skin.String(ViewDetailsTextShadowColor)]</shadowcolor>
									</control>
								</control>
								<control type="group">
									<posx>0</posx>
									<width>135</width>
									<visible>!String.IsEmpty(Window.Property(Duration))</visible>
									<visible>!String.IsEqual(Window.Property(dbtype),tvshow)</visible>
									<control type="image">
										<posx>0</posx>
										<posy>1</posy>
										<height>81</height>
										<width>1</width>
										<colordiffuse>$INFO[Skin.String(ViewDetailsTextColor)]</colordiffuse>
										<texture>dialogs/videoinfo/info/upright.png</texture>
									</control>
									<control type="label">
										<posx>0</posx>
										<posy>8</posy>
										<width>135</width>
										<height>38</height>
										<align>center</align>
										<label fallback="?">$INFO[Window.Property(Duration)]</label>
										<textcolor>$INFO[Skin.String(ViewDetailsTextColor)]</textcolor>
										<shadowcolor>$INFO[Skin.String(ViewDetailsTextShadowColor)]</shadowcolor>
										<font>Bold30</font>
									</control>
									<control type="label">
										<posx>0</posx>
										<posy>39</posy>
										<width>135</width>
										<height>38</height>
										<align>center</align>
										<aligny>center</aligny>
										<label fallback="Minutes">$LOCALIZE[320208]</label>
										<textcolor>$INFO[Skin.String(ViewDetailsTextColor)]</textcolor>
										<shadowcolor>$INFO[Skin.String(ViewDetailsTextShadowColor)]</shadowcolor>
										<font>Reg24</font>
									</control>
								</control>
								<control type="group">
									<posx>0</posx>
									<width>235</width>
									<visible>!String.IsEqual(Window.Property(Budget),$0) + !String.IsEmpty(Window.Property(Budget))</visible>
									<control type="image">
										<posx>0</posx>
										<posy>1</posy>
										<height>81</height>
										<width>1</width>
										<texture>dialogs/videoinfo/info/upright.png</texture>
										<colordiffuse>$INFO[Skin.String(ViewDetailsTextColor)]</colordiffuse>
									</control>
									<control type="label">
										<posx>0</posx>
										<posy>8</posy>
										<width>235</width>
										<height>38</height>
										<align>center</align>
										<label>$INFO[Window.Property(Budget)]</label>
										<textcolor>$INFO[Skin.String(ViewDetailsTextColor)]</textcolor>
										<shadowcolor>$INFO[Skin.String(ViewDetailsTextShadowColor)]</shadowcolor>
										<font>Bold31</font>
										<textoffsetx>10</textoffsetx>
										<scroll>true</scroll>
									</control>
									<control type="label">
										<posx>0</posx>
										<posy>39</posy>
										<width>235</width>
										<height>38</height>
										<align>center</align>
										<aligny>center</aligny>
										<label>$LOCALIZE[31379]</label>
										<font>Reg24</font>
										<textcolor>$INFO[Skin.String(ViewDetailsTextColor)]</textcolor>
										<shadowcolor>$INFO[Skin.String(ViewDetailsTextShadowColor)]</shadowcolor>
									</control>
								</control>
								<control type="group">
									<posx>0</posx>
									<width>245</width>
									<visible>!String.IsEqual(Window.Property(Revenue),$0) + !String.IsEmpty(Window.Property(Revenue))</visible>
									<control type="image">
										<posx>0</posx>
										<posy>1</posy>
										<height>81</height>
										<width>1</width>
										<texture>dialogs/videoinfo/info/upright.png</texture>
										<colordiffuse>$INFO[Skin.String(ViewDetailsTextColor)]</colordiffuse>
									</control>
									<control type="label">
										<posx>0</posx>
										<posy>8</posy>
										<width>245</width>
										<height>38</height>
										<align>center</align>
										<label fallback="?">$INFO[Window.Property(Revenue)]</label>
										<textcolor>$INFO[Skin.String(ViewDetailsTextColor)]</textcolor>
										<shadowcolor>$INFO[Skin.String(ViewDetailsTextShadowColor)]</shadowcolor>
										<font>Bold31</font>
										<textoffsetx>10</textoffsetx>
										<scroll>true</scroll>
									</control>
									<control type="label">
										<posx>0</posx>
										<posy>39</posy>
										<width>245</width>
										<height>38</height>
										<align>center</align>
										<aligny>center</aligny>
										<label>$LOCALIZE[31380]</label>
										<font>Reg24</font>
										<textcolor>$INFO[Skin.String(ViewDetailsTextColor)]</textcolor>
										<shadowcolor>$INFO[Skin.String(ViewDetailsTextShadowColor)]</shadowcolor>
									</control>
								</control>
								<control type="group">
									<posx>0</posx>
									<width>185</width>
									<visible>!String.IsEmpty(Window.Property(Status))</visible>
									<visible>!String.IsEqual(Window.Property(dbtype),movie)</visible>
									<control type="image">
										<posx>0</posx>
										<posy>1</posy>
										<height>81</height>
										<width>1</width>
										<texture>dialogs/videoinfo/info/upright.png</texture>
										<colordiffuse>$INFO[Skin.String(ViewDetailsTextColor)]</colordiffuse>
									</control>
									<control type="label">
										<posx>0</posx>
										<posy>8</posy>
										<width>185</width>
										<height>38</height>
										<align>center</align>
										<textoffsetx>10</textoffsetx>
										<label fallback="?">$INFO[Window.Property(Status)]</label>
										<textcolor>$INFO[Skin.String(ViewDetailsTextColor)]</textcolor>
										<shadowcolor>$INFO[Skin.String(ViewDetailsTextShadowColor)]</shadowcolor>
										<font>Bold31</font>
										<scroll>true</scroll>
									</control>
									<control type="label">
										<posx>0</posx>
										<posy>39</posy>
										<width>185</width>
										<height>38</height>
										<align>center</align>
										<aligny>center</aligny>
										<label>$LOCALIZE[320209]</label>
										<font>Reg24</font>
										<textcolor>$INFO[Skin.String(ViewDetailsTextColor)]</textcolor>
										<shadowcolor>$INFO[Skin.String(ViewDetailsTextShadowColor)]</shadowcolor>
									</control>
								</control>
								<control type="image">
									<posx>0</posx>
									<posy>1</posy>
									<height>81</height>
									<width>1</width>
									<texture>dialogs/videoinfo/info/upright.png</texture>
									<colordiffuse>$INFO[Skin.String(ViewDetailsTextColor)]</colordiffuse>
								</control>
							</control>
						</control>
					</control>
				
					<!-- normal info -->
                    <control type="group" id="140">
						<height>340</height>
						<control type="radiobutton" id="132">
						<visible>false</visible>
                        </control>
						<control type="grouplist">
						<orientation>vertical</orientation>
						<posx>7</posx>
						<posy>-30</posy>
						<itemgap>10</itemgap>
						<width>2100</width>
						<height>300</height>
						<pagecontrol>999</pagecontrol>
						<control type="label">
							<posx>7</posx>
							<width min="0" max="1100">auto</width>
							<height>30</height>
							<label>$INFO[Window.Property(Tagline)]</label>
							<font>Bold26</font>
							<textcolor>$INFO[Skin.String(HeaderTextColor)]</textcolor>
							<shadowcolor>$INFO[Skin.String(HeaderTextShadowColor)]</shadowcolor>
							<visible>!String.IsEmpty(Window.Property(Tagline))</visible>
						</control>
						<control type="textbox" id="800">
							<left>7</left>
							<width>1417</width>
							<height>230</height>
							<label fallback="19055">$INFO[Window.Property(Plot)]</label>
							<textcolor>$INFO[Skin.String(ViewDetailsTextColor)]</textcolor>
							<shadowcolor>$INFO[Skin.String(ViewDetailsTextShadowColor)]</shadowcolor>
							<align>left</align>
							<font>Reg26</font>
							<visible>!String.IsEmpty(Window.Property(Plot))</visible>
						</control>
						</control>
						<control type="image">
							<!--poster-->
							<right>323</right>
							<posy>-130</posy>
							<width>292</width>
							<height>418</height>
							<aspectratio align="center" aligny="center" scalediffuse="true">scale</aspectratio>
							<texture background="true" diffuse="diffuse/poster3.png" fallback="DefaultVideo.png" border="5">$INFO[Window.Property(Poster)]</texture>
						</control>
                    </control>
                    				
					<!-- cast panel -->
					<control type="group" id="5100">
                        <visible>[!String.IsEmpty(Window.Property(List_5000_Visible)) | !String.IsEmpty(Window.Property(List_5000_IsUpdating))]</visible>
						<visible>Skin.HasSetting(extendedinfo_details_cast)</visible>
                        <height>462</height>
                        <control type="label">
                            <posx>7</posx>
                            <posy>0</posy>
                            <width>1540</width>
                            <height>25</height>
                            <aligny>center</aligny>
                            <font>Bold31</font>
                            <textcolor>$INFO[Skin.String(BingieSecondaryTextColor)]</textcolor>
							<shadowcolor>$INFO[Skin.String(ViewDetailsHighlightTextShadowColor)]</shadowcolor>
                            <label>$LOCALIZE[206]</label>
                        </control>
						<control type="group">	
							<posy>-166</posy>
							<include content="Widget_Poster">
								<onup>5000</onup>
								<ondown>5010</ondown>
								<param name="id">5000</param>
								<param name="groupid">5100</param>
								<param name="visible">[!String.IsEmpty(Window.Property(List_5000_Visible)) | !String.IsEmpty(Window.Property(List_5000_IsUpdating))]</param>
								<param name="altvisible">[!String.IsEmpty(Window.Property(List_5000_Visible)) | !String.IsEmpty(Window.Property(List_5000_IsUpdating))]</param>								
							</include>
						</control>
						<!-- Loading Suggestions -->
						<include content="ContentLoading">
							<param name="visibility" value="!String.IsEmpty(Window.Property(List_5000_IsUpdating))"/>
							<param name="top" value="155"/>
						</include>
					</control>
					
					<!-- crew panel -->
					<control type="group" id="5110">
                        <visible>[!String.IsEmpty(Window.Property(List_5010_Visible)) | !String.IsEmpty(Window.Property(List_5010_IsUpdating))]</visible>
						<visible>Skin.HasSetting(extendedinfo_details_crew)</visible>
                        <height>462</height>
                        <control type="label">
                            <posx>7</posx>
                            <posy>0</posy>
                            <width>1540</width>
                            <height>25</height>
                            <aligny>center</aligny>
                            <font>Bold31</font>
                            <textcolor>$INFO[Skin.String(BingieSecondaryTextColor)]</textcolor>
							<shadowcolor>$INFO[Skin.String(ViewDetailsTextShadowColor)]</shadowcolor>
                            <label>$LOCALIZE[31089]</label>
                        </control>
						<control type="group">	
							<posy>-166</posy>				
							<include content="Widget_Poster">
								<onup>5000</onup>
								<ondown>5008</ondown>
								<param name="id">5010</param>
								<param name="groupid">5110</param>
								<param name="visible">[!String.IsEmpty(Window.Property(List_5010_Visible)) | !String.IsEmpty(Window.Property(List_5010_IsUpdating))]</param>
								<param name="altvisible">[!String.IsEmpty(Window.Property(List_5010_Visible)) | !String.IsEmpty(Window.Property(List_5010_IsUpdating))]</param>
							</include>
						</control>
						<!-- Loading Suggestions -->
						<include content="ContentLoading">
							<param name="visibility" value="!String.IsEmpty(Window.Property(List_5010_IsUpdating))"/>
							<param name="top" value="155"/>
						</include>
					</control>
					
					<!-- director -->
					<control type="group" id="5108">
                        <visible>[!String.IsEmpty(Window.Property(List_5008_Visible)) | !String.IsEmpty(Window.Property(List_5008_IsUpdating))]</visible>
						<visible>Skin.HasSetting(extendedinfo_details_director)</visible>
                        <height>462</height>
                        <control type="label">
                            <posx>7</posx>
                            <posy>0</posy>
                            <width>1540</width>
                            <height>25</height>
                            <aligny>center</aligny>
                            <font>Bold31</font>
                            <textcolor>$INFO[Skin.String(BingieSecondaryTextColor)]</textcolor>
							<shadowcolor>$INFO[Skin.String(ViewDetailsTextShadowColor)]</shadowcolor>
                            <label>$INFO[Window.Property(Director),$LOCALIZE[320071] ,]</label>
                        </control>
						<control type="group">	
							<posy>-166</posy>				
							<include content="Widget_Poster">
								<onup>5010</onup>
								<ondown>5009</ondown>
								<param name="id">5008</param>
								<param name="groupid">5108</param>
								<param name="visible">[!String.IsEmpty(Window.Property(List_5008_Visible)) | !String.IsEmpty(Window.Property(List_5008_IsUpdating))]</param>
								<param name="altvisible">[!String.IsEmpty(Window.Property(List_5008_Visible)) | !String.IsEmpty(Window.Property(List_5008_IsUpdating))]</param>
							</include>
						</control>
						<!-- Loading Suggestions -->
						<include content="ContentLoading">
							<param name="visibility" value="!String.IsEmpty(Window.Property(List_5008_IsUpdating))"/>
							<param name="top" value="155"/>
						</include>
					</control>
					
					<!-- writer -->
					<control type="group" id="5109">
                        <visible>[!String.IsEmpty(Window.Property(List_5009_Visible)) | !String.IsEmpty(Window.Property(List_5009_IsUpdating))]</visible>
						<visible>Skin.HasSetting(extendedinfo_details_writer)</visible>
                        <height>462</height>
                        <control type="label">
                            <posx>7</posx>
                            <posy>0</posy>
                            <width>1540</width>
                            <height>25</height>
                            <aligny>center</aligny>
                            <font>Bold31</font>
                            <textcolor>$INFO[Skin.String(BingieSecondaryTextColor)]</textcolor>
							<shadowcolor>$INFO[Skin.String(ViewDetailsTextShadowColor)]</shadowcolor>
                            <label>$INFO[Window.Property(Writer),$LOCALIZE[320072] ,]</label>
                        </control>
						<control type="group">	
							<posy>-166</posy>				
							<include content="Widget_Poster">
								<onup>5008</onup>
								<ondown>5014</ondown>
								<param name="id">5009</param>
								<param name="groupid">5109</param>
								<param name="visible">[!String.IsEmpty(Window.Property(List_5009_Visible)) | !String.IsEmpty(Window.Property(List_5009_IsUpdating))]</param>
								<param name="altvisible">[!String.IsEmpty(Window.Property(List_5009_Visible)) | !String.IsEmpty(Window.Property(List_5009_IsUpdating))]</param>
							</include>
						</control>
						<!-- Loading Suggestions -->
						<include content="ContentLoading">
							<param name="visibility" value="!String.IsEmpty(Window.Property(List_5009_IsUpdating))"/>
							<param name="top" value="155"/>
						</include>
					</control>				
					
                    <!-- creator -->
					<control type="group" id="5114">
                        <visible>[!String.IsEmpty(Window.Property(List_5014_Visible)) | !String.IsEmpty(Window.Property(List_5014_IsUpdating))]</visible>
						<visible>Skin.HasSetting(extendedinfo_details_creator)</visible>
						<visible>String.IsEqual(Window.Property(dbtype),tvshow) | String.IsEqual(Window.Property(dbtype),episode)</visible>
                        <height>462</height>
                        <control type="label">
                            <posx>7</posx>
                            <posy>0</posy>
                            <width>1540</width>
                            <height>25</height>
                            <aligny>center</aligny>
                            <font>Bold31</font>
                            <textcolor>$INFO[Skin.String(BingieSecondaryTextColor)]</textcolor>
							<shadowcolor>$INFO[Skin.String(ViewDetailsTextShadowColor)]</shadowcolor>
                            <label>$INFO[Window.Property(Creator),$LOCALIZE[320080] ,]</label>
                        </control>
						<control type="group">	
							<posy>-166</posy>				
							<include content="Widget_Poster">
								<onup>5009</onup>
								<ondown>5001</ondown>
								<param name="id">5014</param>
								<param name="groupid">5114</param>
								<param name="visible">[!String.IsEmpty(Window.Property(List_5014_Visible)) | !String.IsEmpty(Window.Property(List_5014_IsUpdating))]</param>
								<param name="altvisible">[!String.IsEmpty(Window.Property(List_5014_Visible)) | !String.IsEmpty(Window.Property(List_5014_IsUpdating))]</param>
							</include>
						</control>
						<!-- Loading Suggestions -->
						<include content="ContentLoading">
							<param name="visibility" value="!String.IsEmpty(Window.Property(List_5014_IsUpdating))"/>
							<param name="top" value="155"/>
						</include>
					</control>					

					<!-- seasons-->
					<control type="group" id="5101">
                        <visible>[!String.IsEmpty(Window.Property(List_5001_Visible)) | !String.IsEmpty(Window.Property(List_5001_IsUpdating))]</visible>
						<visible>Skin.HasSetting(extendedinfo_details_seasons)</visible>
                        <height>462</height>
                        <control type="label">
                            <posx>7</posx>
                            <posy>0</posy>
                            <width>1540</width>
                            <height>25</height>
                            <aligny>center</aligny>
                            <font>Bold31</font>
                            <textcolor>$INFO[Skin.String(BingieSecondaryTextColor)]</textcolor>
							<shadowcolor>$INFO[Skin.String(ViewDetailsTextShadowColor)]</shadowcolor>
                            <label>$LOCALIZE[320207]</label>
                        </control>
						<control type="group">	
							<posy>-166</posy>				
							<include content="Widget_Poster">
								<onup>5014</onup>
								<ondown>5011</ondown>
								<param name="id">5001</param>
								<param name="groupid">5101</param>
								<param name="visible">[!String.IsEmpty(Window.Property(List_5001_Visible)) | !String.IsEmpty(Window.Property(List_5001_IsUpdating))]</param>
								<param name="altvisible">[!String.IsEmpty(Window.Property(List_5001_Visible)) | !String.IsEmpty(Window.Property(List_5001_IsUpdating))]</param>
							</include>
						</control>
						<!-- Loading Suggestions -->
						<include content="ContentLoading">
							<param name="visibility" value="!String.IsEmpty(Window.Property(List_5001_IsUpdating))"/>
							<param name="top" value="155"/>
						</include>
					</control>

					<!-- upnext -->
					<control type="group" id="5111">
                        <visible>[!String.IsEmpty(Window.Property(List_5011_Visible)) | !String.IsEmpty(Window.Property(List_5011_IsUpdating))]</visible>
						<visible>Skin.HasSetting(extendedinfo_details_upnext)</visible>
                        <height>330</height>
                        <control type="label">
                            <posx>7</posx>
                            <posy>0</posy>
                            <width>1540</width>
                            <height>25</height>
                            <aligny>center</aligny>
                            <font>Bold31</font>
                            <textcolor>$INFO[Skin.String(BingieSecondaryTextColor)]</textcolor>
							<shadowcolor>$INFO[Skin.String(ViewDetailsTextShadowColor)]</shadowcolor>
                            <label>$LOCALIZE[31065]</label>
                        </control>
						<control type="group">	
							<posy>-166</posy>				
							<include content="Widget_Poster">
								<onup>5001</onup>
								<ondown>5002</ondown>
								<param name="id">5011</param>
								<param name="groupid">5111</param>
								<param name="include">List_Landscape_Row</param>
								<param name="icon">$INFO[ListItem.Icon]</param>
								<param name="visible">[!String.IsEmpty(Window.Property(List_5011_Visible)) | !String.IsEmpty(Window.Property(List_5011_IsUpdating))]</param>
								<param name="altvisible">[!String.IsEmpty(Window.Property(List_5011_Visible)) | !String.IsEmpty(Window.Property(List_5011_IsUpdating))]</param>
							</include>
						</control>
						<!-- Loading Suggestions -->
						<include content="ContentLoading">
							<param name="visibility" value="!String.IsEmpty(Window.Property(List_5011_IsUpdating))"/>
							<param name="top" value="104"/>
						</include>
					</control>					

					<!-- movie sets-->
					<control type="group" id="5102">
                        <visible>[!String.IsEmpty(Window.Property(List_5002_Visible)) | !String.IsEmpty(Window.Property(List_5002_IsUpdating))]</visible>
						<visible>Skin.HasSetting(extendedinfo_details_collection)</visible>
                        <height>462</height>
                        <control type="label">
                            <posx>7</posx>
                            <posy>0</posy>
                            <width>1540</width>
                            <height>25</height>
                            <aligny>center</aligny>
                            <font>Bold31</font>
                            <textcolor>$INFO[Skin.String(BingieSecondaryTextColor)]</textcolor>
							<shadowcolor>$INFO[Skin.String(ViewDetailsTextShadowColor)]</shadowcolor>
                            <label>$INFO[Window.Property(Collection)]</label>
                        </control>
						<control type="group">	
							<posy>-166</posy>				
							<include content="Widget_Poster">
								<onup>5011</onup>
								<ondown>5007</ondown>
								<param name="id">5002</param>
								<param name="groupid">5102</param>
								<param name="visible">[!String.IsEmpty(Window.Property(List_5002_Visible)) | !String.IsEmpty(Window.Property(List_5002_IsUpdating))]</param>
								<param name="altvisible">[!String.IsEmpty(Window.Property(List_5002_Visible)) | !String.IsEmpty(Window.Property(List_5002_IsUpdating))]</param>
							</include>
						</control>
						<!-- Loading Suggestions -->
						<include content="ContentLoading">
							<param name="visibility" value="!String.IsEmpty(Window.Property(List_5002_IsUpdating))"/>
							<param name="top" value="155"/>
						</include>
					</control>										
					
					<!-- studios-->
					<control type="group" id="5107">
                        <visible>[!String.IsEmpty(Window.Property(List_5007_Visible)) | !String.IsEmpty(Window.Property(List_5007_IsUpdating))]</visible>
						<visible>Skin.HasSetting(extendedinfo_details_studios)</visible>
                        <height>462</height>
                        <control type="label">
                            <posx>7</posx>
                            <posy>0</posy>
                            <width>1540</width>
                            <height>25</height>
                            <aligny>center</aligny>
                            <font>Bold31</font>
                            <textcolor>$INFO[Skin.String(BingieSecondaryTextColor)]</textcolor>
							<shadowcolor>$INFO[Skin.String(ViewDetailsTextShadowColor)]</shadowcolor>
                            <label>$INFO[Window.Property(Studio)]</label>
							<visible>String.IsEqual(Window.Property(dbtype),movie)</visible>
                        </control>
						<control type="label">
                            <posx>7</posx>
                            <posy>0</posy>
                            <width>1540</width>
                            <height>25</height>
                            <aligny>center</aligny>
                            <font>Bold31</font>
                            <textcolor>$INFO[Skin.String(BingieSecondaryTextColor)]</textcolor>
							<shadowcolor>$INFO[Skin.String(ViewDetailsTextShadowColor)]</shadowcolor>
                            <label>$INFO[Window.Property(Network)]</label>
							<visible>String.IsEqual(Window.Property(dbtype),tvshow) | String.IsEqual(Window.Property(dbtype),episode)</visible>
                        </control>
						<control type="group">	
							<posy>-166</posy>				
							<include content="Widget_Poster">
								<onup>5002</onup>
								<ondown>5006</ondown>
								<param name="id">5007</param>
								<param name="groupid">5107</param>
								<param name="visible">[!String.IsEmpty(Window.Property(List_5007_Visible)) | !String.IsEmpty(Window.Property(List_5007_IsUpdating))]</param>
								<param name="altvisible">[!String.IsEmpty(Window.Property(List_5007_Visible)) | !String.IsEmpty(Window.Property(List_5007_IsUpdating))]</param>
							</include>
						</control>
						<!-- Loading Suggestions -->
						<include content="ContentLoading">
							<param name="visibility" value="!String.IsEmpty(Window.Property(List_5007_IsUpdating))"/>
							<param name="top" value="155"/>
						</include>
					</control>
					
					<!-- Genres-->
					<control type="group" id="5106">
                        <visible>[!String.IsEmpty(Window.Property(List_5006_Visible)) | !String.IsEmpty(Window.Property(List_5006_IsUpdating))]</visible>
						<visible>Skin.HasSetting(extendedinfo_details_genres)</visible>
                        <height>462</height>
                        <control type="label">
                            <posx>7</posx>
                            <posy>0</posy>
                            <width>1540</width>
                            <height>25</height>
                            <aligny>center</aligny>
                            <font>Bold31</font>
                            <textcolor>$INFO[Skin.String(BingieSecondaryTextColor)]</textcolor>
							<shadowcolor>$INFO[Skin.String(ViewDetailsTextShadowColor)]</shadowcolor>
                            <label>$INFO[Window.Property(Genre)]</label>
                        </control>
						<control type="group">	
							<posy>-166</posy>				
							<include content="Widget_Poster">
								<onup>5007</onup>
								<ondown>5005</ondown>
								<param name="id">5006</param>
								<param name="groupid">5106</param>
								<param name="visible">[!String.IsEmpty(Window.Property(List_5006_Visible)) | !String.IsEmpty(Window.Property(List_5006_IsUpdating))]</param>
								<param name="altvisible">[!String.IsEmpty(Window.Property(List_5006_Visible)) | !String.IsEmpty(Window.Property(List_5006_IsUpdating))]</param>
							</include>
						</control>
						<!-- Loading Suggestions -->
						<include content="ContentLoading">
							<param name="visibility" value="!String.IsEmpty(Window.Property(List_5006_IsUpdating))"/>
							<param name="top" value="155"/>
						</include>
					</control>
					
					<!-- Years-->
					<control type="group" id="5105">
                        <visible>[!String.IsEmpty(Window.Property(List_5005_Visible)) | !String.IsEmpty(Window.Property(List_5005_IsUpdating))]</visible>
						<visible>Skin.HasSetting(extendedinfo_details_year)</visible>
                        <height>462</height>
                        <control type="label">
                            <posx>7</posx>
                            <posy>0</posy>
                            <width>1540</width>
                            <height>25</height>
                            <aligny>center</aligny>
                            <font>Bold31</font>
                            <textcolor>$INFO[Skin.String(BingieSecondaryTextColor)]</textcolor>
							<shadowcolor>$INFO[Skin.String(ViewDetailsTextShadowColor)]</shadowcolor>
                            <label>$INFO[Window.Property(Year),$LOCALIZE[320076] ,]</label>
                        </control>
						<control type="group">	
							<posy>-166</posy>				
							<include content="Widget_Poster">
								<onup>5006</onup>
								<ondown>5012</ondown>
								<param name="id">5005</param>
								<param name="groupid">5105</param>
								<param name="visible">[!String.IsEmpty(Window.Property(List_5005_Visible)) | !String.IsEmpty(Window.Property(List_5005_IsUpdating))]</param>
								<param name="altvisible">[!String.IsEmpty(Window.Property(List_5005_Visible)) | !String.IsEmpty(Window.Property(List_5005_IsUpdating))]</param>
							</include>
						</control>
						<!-- Loading Suggestions -->
						<include content="ContentLoading">
							<param name="visibility" value="!String.IsEmpty(Window.Property(List_5005_IsUpdating))"/>
							<param name="top" value="155"/>
						</include>
					</control>
					
					<!-- official movies-->
					<control type="group" id="5112">
                       <visible>[!String.IsEmpty(Window.Property(List_5012_Visible)) | !String.IsEmpty(Window.Property(List_5012_IsUpdating))]</visible>
						<visible>Skin.HasSetting(extendedinfo_details_videos) + !Skin.HasSetting(PreferYoutubeTrailers)</visible>
                        <height>330</height>
                        <control type="label">
                            <posx>7</posx>
                            <posy>0</posy>
                            <width>1540</width>
                            <height>25</height>
                            <aligny>center</aligny>
                            <font>Bold31</font>
                            <textcolor>$INFO[Skin.String(BingieSecondaryTextColor)]</textcolor>
							<shadowcolor>$INFO[Skin.String(ViewDetailsTextShadowColor)]</shadowcolor>
                            <label>$LOCALIZE[320081]</label>
                        </control>
						<control type="group">	
							<posy>-166</posy>				
							<include content="Widget_Poster">
								<onup>5005</onup>
								<ondown>5020</ondown>
								<param name="id">5012</param>
								<param name="groupid">5112</param>
								<param name="include">List_Landscape_Row</param>
								<param name="icon">$INFO[ListItem.Icon]</param>
								<param name="visible">[!String.IsEmpty(Window.Property(List_5012_Visible)) | !String.IsEmpty(Window.Property(List_5012_IsUpdating))]</param>
								<param name="altvisible">[!String.IsEmpty(Window.Property(List_5012_Visible)) | !String.IsEmpty(Window.Property(List_5012_IsUpdating))]</param>
							</include>
						</control>
						<!-- Loading Suggestions -->
						<include content="ContentLoading">
							<param name="visibility" value="!String.IsEmpty(Window.Property(List_5012_IsUpdating))"/>
							<param name="top" value="104"/>
						</include>
					</control>	

					<!-- Youtube trailers -->
					<control type="group" id="5120">
                        <visible>Container(5020).IsUpdating | !Integer.IsEqual(Container(5020).NumItems,0) | String.IsEmpty(Window.Property(List_Main_Visible))</visible>
						<visible>Skin.HasSetting(extendedinfo_details_videos) + Skin.HasSetting(PreferYoutubeTrailers)</visible>
                        <height>330</height>
                        <control type="label">
                            <posx>7</posx>
                            <posy>0</posy>
                            <width>1540</width>
                            <height>25</height>
                            <aligny>center</aligny>
                            <font>Bold31</font>
                            <textcolor>$INFO[Skin.String(BingieSecondaryTextColor)]</textcolor>
							<shadowcolor>$INFO[Skin.String(ViewDetailsTextShadowColor)]</shadowcolor>
                            <label>$LOCALIZE[31797]</label>
                        </control>
						<control type="group">	
							<posy>-166</posy>				
							<include content="Widget_Poster">
								<onup>5012</onup>
								<ondown>5093</ondown>
								<param name="id">5020</param>
								<param name="groupid">5120</param>
								<param name="include">List_Landscape_Row</param>
								<param name="icon">$INFO[ListItem.Icon]</param>
								<param name="visible">!String.IsEmpty(Window.Property(Youtube))</param>
								<param name="altvisible">String.IsEmpty(Window.Property(List_Main_Visible))</param>
								<onclick>Runscript(plugin.video.themoviedb.helper,recommendations=onaction,builtin=Action(Close),window_id=1191)</onclick>								
								<onclick>AlarmClock(PlayTrailer,PlayMedia($INFO[Container(5020).ListItem.FolderPath],noresume),00:01,silent)</onclick>
								<content target="videos" limit="20">$INFO[Window.Property(Youtube)]</content>
							</include>
						</control>
						<!-- Loading Suggestions -->
						<include content="ContentLoading">
							<param name="visibility" value="Container(5020).IsUpdating + Integer.IsEqual(Container(5020).NumItems,0)"/>
							<param name="top" value="104"/>
						</include>
					</control>					
					
					<!-- reviews -->
					<control type="group" id="5193">
                        <visible>[!String.IsEmpty(Window.Property(List_5093_Visible)) | !String.IsEmpty(Window.Property(List_5093_IsUpdating))]</visible>
						<visible>Skin.HasSetting(extendedinfo_details_reviews)</visible>
                        <height>407</height>
                        <control type="label">
                            <posx>7</posx>
                            <posy>0</posy>
                            <width>1540</width>
                            <height>25</height>
                            <aligny>center</aligny>
                            <font>Bold31</font>
                            <textcolor>$INFO[Skin.String(BingieSecondaryTextColor)]</textcolor>
							<shadowcolor>$INFO[Skin.String(ViewDetailsTextShadowColor)]</shadowcolor>
                            <label>$LOCALIZE[31120]</label>
                        </control>
						<control type="group">	
							<posy>-166</posy>				
							<include content="Widget_Poster">
								<onup>5020</onup>
								<ondown>5003</ondown>
								<param name="spacerid">5293</param>
								<param name="id">5093</param>
								<param name="groupid">5193</param>
								<param name="include">List_Reviews_Row</param>
								<param name="visible">[!String.IsEmpty(Window.Property(List_5093_Visible)) | !String.IsEmpty(Window.Property(List_5093_IsUpdating))]</param>
								<param name="altvisible">[!String.IsEmpty(Window.Property(List_5093_Visible)) | !String.IsEmpty(Window.Property(List_5093_IsUpdating))]</param>
							</include>
						</control>
						<!-- Loading Suggestions -->
						<include content="ContentLoading">
							<param name="visibility" value="!String.IsEmpty(Window.Property(List_5093_IsUpdating))"/>
							<param name="top" value="155"/>
						</include>
					</control>					
					
					<!-- recommended-->
					<control type="group" id="5103">
                        <visible>[!String.IsEmpty(Window.Property(List_5003_Visible)) | !String.IsEmpty(Window.Property(List_5003_IsUpdating))]</visible>
						<visible>Skin.HasSetting(extendedinfo_details_recommended)</visible>
                        <height>462</height>
                        <control type="label">
                            <posx>7</posx>
                            <posy>0</posy>
                            <width>1540</width>
                            <height>25</height>
                            <aligny>center</aligny>
                            <font>Bold31</font>
                            <textcolor>$INFO[Skin.String(BingieSecondaryTextColor)]</textcolor>
							<shadowcolor>$INFO[Skin.String(ViewDetailsTextShadowColor)]</shadowcolor>
                            <label>$LOCALIZE[320069]</label>
                        </control>
						<control type="group">	
							<posy>-166</posy>				
							<include content="Widget_Poster">
								<onup>5093</onup>
								<ondown>5091</ondown>
								<param name="id">5003</param>
								<param name="groupid">5103</param>
								<param name="visible">[!String.IsEmpty(Window.Property(List_5003_Visible)) | !String.IsEmpty(Window.Property(List_5003_IsUpdating))]</param>
								<param name="altvisible">[!String.IsEmpty(Window.Property(List_5003_Visible)) | !String.IsEmpty(Window.Property(List_5003_IsUpdating))]</param>
							</include>
						</control>
						<!-- Loading Suggestions -->
						<include content="ContentLoading">
							<param name="visibility" value="!String.IsEmpty(Window.Property(List_5003_IsUpdating))"/>
							<param name="top" value="155"/>
						</include>
					</control>
					
					<!-- artwork (posters)-->
					<control type="group" id="5191">
                        <visible>[!String.IsEmpty(Window.Property(List_5091_Visible)) | !String.IsEmpty(Window.Property(List_5091_IsUpdating))]</visible>
						<visible>Skin.HasSetting(extendedinfo_details_posters)</visible>
                        <height>437</height>
                        <control type="label">
                            <posx>7</posx>
                            <posy>0</posy>
                            <width>1540</width>
                            <height>25</height>
                            <aligny>center</aligny>
                            <font>Bold31</font>
                            <textcolor>$INFO[Skin.String(BingieSecondaryTextColor)]</textcolor>
							<shadowcolor>$INFO[Skin.String(ViewDetailsTextShadowColor)]</shadowcolor>
                            <label>$LOCALIZE[320078]</label>
                        </control>
						<control type="group">	
							<posy>-166</posy>				
							<include content="Widget_Poster">
								<onup>5003</onup>
								<ondown>5092</ondown>
								<param name="id">5091</param>
								<param name="groupid">5191</param>
								<param name="visible">[!String.IsEmpty(Window.Property(List_5091_Visible)) | !String.IsEmpty(Window.Property(List_5091_IsUpdating))]</param>
								<param name="altvisible">[!String.IsEmpty(Window.Property(List_5091_Visible)) | !String.IsEmpty(Window.Property(List_5091_IsUpdating))]</param>
							</include>
						</control>
						<!-- Loading Suggestions -->
						<include content="ContentLoading">
							<param name="visibility" value="!String.IsEmpty(Window.Property(List_5000_IsUpdating))"/>
							<param name="top" value="155"/>
						</include>
					</control>
					
					<!-- fanart -->
					<control type="group" id="5192">
                        <visible>[!String.IsEmpty(Window.Property(List_5092_Visible)) | !String.IsEmpty(Window.Property(List_5092_IsUpdating))]</visible>
						<visible>Skin.HasSetting(extendedinfo_details_fanart)</visible>
                        <height>330</height>
                        <control type="label">
                            <posx>7</posx>
                            <posy>0</posy>
                            <width>1540</width>
                            <height>25</height>
                            <aligny>center</aligny>
                            <font>Bold31</font>
                            <textcolor>$INFO[Skin.String(BingieSecondaryTextColor)]</textcolor>
							<shadowcolor>$INFO[Skin.String(ViewDetailsTextShadowColor)]</shadowcolor>
                            <label>$LOCALIZE[320210]</label>
                        </control>
						<control type="group">	
							<posy>-166</posy>				
							<include content="Widget_Poster">
								<onup>5091</onup>
								<ondown>noop</ondown>
								<param name="id">5092</param>
								<param name="groupid">5192</param>
								<param name="include">List_Landscape_Row</param>
								<param name="visible">[!String.IsEmpty(Window.Property(List_5092_Visible)) | !String.IsEmpty(Window.Property(List_5092_IsUpdating))]</param>
								<param name="altvisible">[!String.IsEmpty(Window.Property(List_5092_Visible)) | !String.IsEmpty(Window.Property(List_5092_IsUpdating))]</param>
							</include>
						</control>
						<!-- Loading Suggestions -->
						<include content="ContentLoading">
							<param name="visibility" value="!String.IsEmpty(Window.Property(List_5000_IsUpdating))"/>
							<param name="top" value="104"/>
						</include>
					</control>
				</control>																		
			</control>
		<!-- Snow Effect -->
        <control type="group">
            <include condition="Skin.HasSetting(enablesnow)">snow</include>
        </control>
		<!-- Halloween Effect -->
        <control type="group">
            <include condition="Skin.HasSetting(enablepumpkins)">pumpkin</include>
        </control>
        </control>		
		<include content="Dialog_ImageViewer">
            <param name="buttonid" value="5292" />
            <param name="listid" value="5092" />
            <param name="art" value="PicturePath" />
        </include>
        <include content="Dialog_ImageViewer">
            <param name="buttonid" value="5291" />
            <param name="listid" value="5091" />
            <param name="art" value="PicturePath" />
        </include>
    </controls>
</window>