<?xml version="1.0" encoding="utf-8"?>
<window>
    <defaultcontrol always="true">9000</defaultcontrol>
    <controls>
        <control type="group">
			<!-- default animation -->
            <include>GlobalBackground</include>

			<!-- panel background -->
			<control type="image">
				<posy>0</posy>
				<posx>0</posx>
				<width>100%</width>
				<height>100%</height>
				<texture border="5">diffuse/panel2.png</texture>
				<colordiffuse>$VAR[BingiePanelColor]</colordiffuse>
				<aspectratio>stretch</aspectratio>
			</control>
			
			<control type="image">
				<visible>!Skin.HasSetting(ExtendedInfoHidePanel)</visible>
                <include>FullscreenDimensions</include>
				<texture background="true" fallback="special://skin/resources/background.jpg">$INFO[Window.Property(Fanart)]</texture>
				<colordiffuse>33ffffff</colordiffuse>
				<aspectratio>scale</aspectratio>
				<fadetime>400</fadetime>
				<animation effect="fade" end="100" time="300">WindowOpen</animation>
				<animation effect="fade" start="100" end="0" time="300">WindowClose</animation>
			</control>
			
			<!-- trailer video preview -->
				<control type="group">
					<include>FullscreenDimensions</include>
					<visible>Player.HasVideo + [!String.IsEmpty(ListItem.Trailer) | !String.IsEqual(Window(Home).Property(TrailerPlaying))]</visible>
					<!-- bg -->
					<control type="image">
						<texture colordiffuse="ff000000" background="true">diffuse/panel2.png</texture>
					</control>
					<control type="videowindow"/>
					<control type="image">
						<texture background="true" border="15">bingie/newdiffuse.png</texture>
						<colordiffuse>$VAR[BingiePanelColor]</colordiffuse>
						<animation effect="fade" start="100" end="80" time="5000" condition="Player.HasVideo + [!String.IsEmpty(ListItem.Trailer) | !String.IsEqual(Window(Home).Property(TrailerPlaying))]">Conditional</animation>
						<!-- no bg fade -->
						<animation effect="fade" start="100" end="60" time="0" condition="Player.HasVideo + !String.IsEmpty(Window(Home).Property(TrailerOnLoad)) + [!String.IsEmpty(ListItem.Trailer) | !String.IsEqual(Window(Home).Property(TrailerPlaying))]">Conditional</animation>
					</control>
				</control>

            <!--NowPlaying-->
            <include condition="!Skin.HasTheme(classic) + !Skin.HasSetting(LowPerformanceMode)">NowPlayingModern</include>
     			<!-- touchscreen workaround for windows tablets -->
			<include condition="Skin.HasSetting(EnableTouchSupport)">TouchScreenWorkaround</include>
			
			<control type="label">
				<animation effect="fade" end="100" time="300">WindowOpen</animation>
				<animation effect="fade" start="100" end="0" time="300">WindowClose</animation>
				<include>animation_fade_visible_hidden</include>
				<posx>75</posx>
				<posy>14</posy>
				<width min="80" max="1400">auto</width>
				<height>100</height>
				<font>Bold45</font>
				<align>left</align>
				<textcolor>$INFO[Skin.String(HeaderTextColor)]</textcolor>
				<label>$INFO[Window.Property(Title)]</label>
				<shadowcolor>$INFO[Skin.String(HeaderTextShadowColor)]</shadowcolor>
				<visible>!Window.IsActive(notification) + !Window.IsActive(extendedprogressdialog) + !Control.IsVisible(88888)</visible>
			</control>			 
			
			<include condition="!String.IsEqual(Skin.String(general_header),disable)">TimeInfo</include>
			
			<!-- footer with controls -->
				<control type="image">
					<animation effect="fade" end="100" time="300">WindowOpen</animation>
					<animation effect="fade" start="100" end="0" time="300">WindowClose</animation>
					<posx>0</posx>
					<bottom>0</bottom>
					<width>100%</width>
					<height>90</height>
					<texture>diffuse/panel2.png</texture>
					<colordiffuse>$INFO[Skin.String(GeneralPanelsColor)]</colordiffuse>
				</control>
				<control type="image">
					<animation effect="fade" end="100" time="300">WindowOpen</animation>
					<animation effect="fade" start="100" end="0" time="300">WindowClose</animation>
					<posx>0</posx>
					<bottom>0</bottom>
					<width>100%</width>
					<height>90</height>
					<texture>diffuse/panel2.png</texture>
					<colordiffuse>$INFO[Skin.String(GeneralPanelsColor)]</colordiffuse>
				</control>

				<!--Butons 9000-->			
				<control type="grouplist" id="9000">
					<animation effect="fade" end="100" time="300">WindowOpen</animation>
					<animation effect="fade" start="100" end="0" time="300">WindowClose</animation>
					<posx>76</posx>
					<bottom>15</bottom>
					<width>1769</width>
					<height>60</height>
					<itemgap>15</itemgap>
					<onup condition="!Skin.HasSetting(EnableTouchSupport)">4000</onup>
					<onleft>9000</onleft>
					<onright>9000</onright>
					<orientation>horizontal</orientation>
					
					<!-- touch controls -->
					
					<include condition="Skin.HasSetting(EnableTouchSupport)">back_button</include>
                    <include condition="Skin.HasSetting(EnableTouchSupport)">home_button</include>
					
					<control type="radiobutton" id="6001">
						<visible>false</visible>
					</control>
					<control type="radiobutton" id="6003">
						<visible>false</visible>
					</control>
					<control type="radiobutton" id="6005">
						<visible>false</visible>
					</control>
					<control type="radiobutton" id="6002">
						<visible>false</visible>
					</control>
					<control type="radiobutton" id="6006">
						<visible>false</visible>
					</control>
					
					<!-- play button -->
					<!-- <control type="button" id="8"> -->
						<!-- <label>$LOCALIZE[208]</label> -->
						<!-- <width>285</width> -->
						<!-- <height>60</height> -->
						<!-- <align>center</align> -->
						<!-- <textoffsetx>10</textoffsetx> -->
						<!-- <visible>!String.IsEmpty(Window.Property(DBID)) + !String.IsEqual(Window.Property(Type),tvshow) + !Integer.IsGreater(Window.Property(PercentPlayed),0)</visible> -->
					<!-- </control> -->
					
					<!-- play button tmdb helper -->
					<!-- <control type="button" id="80"> -->
						<!-- <label>$LOCALIZE[208]</label> -->
						<!-- <width>285</width> -->
						<!-- <height>60</height> -->
						<!-- <align>center</align> -->
						<!-- <textoffsetx>10</textoffsetx> -->
						<!-- <onclick>Action(Close)</onclick> -->
						<!-- <onclick>Dialog.Close(movieinformation)</onclick> -->
						<!-- <onclick>Runscript(plugin.video.themoviedb.helper,play=movie,imdb_id=$INFO[Window.Property(imdb_id)])</onclick> -->
						<!-- <visible>String.IsEmpty(Window.Property(DBID)) + !String.IsEqual(Window.Property(Type),tvshow) + !Integer.IsGreater(Window.Property(PercentPlayed),0)</visible> -->
					<!-- </control> -->
                    
                    <!-- resume button -->
					<!-- <control type="button" id="9"> -->
						<!-- <width>285</width> -->
						<!-- <height>60</height> -->
						<!-- <align>center</align> -->
						<!-- <textoffsetx>10</textoffsetx> -->
						<!-- <label>$LOCALIZE[13404] $INFO[Window.Property(PercentPlayed),(,%)]</label> -->
						<!-- <visible>Integer.IsGreater(Window.Property(PercentPlayed),0)</visible> -->
                        <!-- <onclick>Action(Close)</onclick> -->
					<!-- </control> -->
					
					<!-- open button tvshows -->
					<!-- <control type="button" id="120"> -->
						<!-- <label>$LOCALIZE[21385]</label> -->
						<!-- <width>285</width> -->
						<!-- <height>60</height> -->
						<!-- <align>center</align> -->
						<!-- <textoffsetx>10</textoffsetx> -->
						<!-- <visible>!String.IsEmpty(Window.Property(DBID)) + String.IsEqual(Window.Property(Type),tvshow) | [String.IsEmpty(Window.Property(DBID)) + String.IsEqual(Window.Property(Type),tvshow)]</visible> -->
					<!-- </control> -->
					
					<!-- manage button -->
					<control type="button" id="445">
						<width>285</width>
						<height>60</height>
						<align>center</align>
						<textoffsetx>10</textoffsetx>
						<label>$ADDON[script.extendedinfo 32133]</label>
						<visible>!Skin.HasSetting(KioskMode.Enabled)</visible>
					</control>										
					
					<control type="button" id="244">
                        <!-- Go Fullscreen -->
                        <label>244</label>
                        <width>285</width>
                        <height>60</height>
                        <align>center</align>
                        <textoffsetx>10</textoffsetx>
                        <visible>Player.HasVideo</visible>
                        <onclick>Close</onclick>
                        <onclick>ClearProperty(TrailerPlaying,Home)</onclick>
                        <onclick>FullScreen</onclick>
                    </control>
					
					<!-- Trailer on Youtube-->
					<control type="button" id="2356">
						<width>285</width>
						<height>60</height>
						<align>center</align>
						<textoffsetx>10</textoffsetx>
						<label>$LOCALIZE[20410]</label>
                        <onclick>SetFocus(1150,0)</onclick>
                        <onclick>SetProperty(TrailerPlaying,Playing,Home)</onclick>
						<visible>Integer.IsGreater(Container(1150).NumItems,0)</visible>
						<visible>!Player.HasVideo</visible>
					</control>				
                                      
                    <!--Get Thumb Artwork dump -->
					<control type="button" id="104">
                        <label>Artwork dump</label>
                        <width>285</width>
                        <height>60</height>
                        <align>center</align>
                        <textoffsetx>10</textoffsetx>
                        <enable>!Skin.HasSetting(KioskMode.Enabled)</enable>
						<onclick>RunScript(script.artwork.dump)</onclick>
						<visible>system.hasaddon(script.artwork.dump) + !String.IsEmpty(Window.Property(DBID))</visible>
					</control>
					
					<!--Get Thumb Artwork beef -->
					<control type="button" id="1040">
                        <label>Artwork beef</label>
                        <width>285</width>
                        <height>60</height>
                        <align>center</align>
                        <textoffsetx>10</textoffsetx>
                        <enable>!Skin.HasSetting(KioskMode.Enabled)</enable>
						<onclick>RunScript(script.artwork.beef)</onclick>
						<visible>system.hasaddon(script.artwork.beef) + !String.IsEmpty(Window.Property(DBID))</visible>
					</control>
                    
                    <control type="radiobutton" id="3052">
                        <!--Hide panel behind moviedetails-->
                        <label>31141</label>
                        <width>415</width>
						<textwidth>290</textwidth>
                        <textoffsetx>20</textoffsetx>
                        <align>left</align>
						<radioposx>303</radioposx>
                        <onclick>Skin.ToggleSetting(ExtendedInfoHidePanel)</onclick>
                        <selected>Skin.HasSetting(ExtendedInfoHidePanel)</selected>
                    </control>
				</control>
				
				<!--Arrow-->
						<control type="image">
							<animation effect="fade" start="100" end="50" tween="sine" easing="inout" time="800" pulse="true" reversible="false" condition="true">Conditional</animation>
							<left>1872</left>
							<bottom>16</bottom>
							<posy>50</posy>
							<width>20</width>
							<height>60</height>
							<aspectratio>keep</aspectratio>
							<texture>dialogs/videoinfo/arrow.png</texture>
							<visible>!Control.HasFocus(51)</visible>
							<colordiffuse>white</colordiffuse>
							<visible>Container(9000).HasNext</visible>
						</control>
						<control type="image">
							<animation effect="fade" start="100" end="50" tween="sine" easing="inout" time="800" pulse="true" reversible="false" condition="true">Conditional</animation>
							<left>28</left>
							<bottom>16</bottom>
							<posy>50</posy>
							<width>20</width>
							<height>60</height>
							<aspectratio>keep</aspectratio>
							<texture flipx="true">dialogs/videoinfo/arrow.png</texture>
							<visible>!Control.HasFocus(51)</visible>
							<colordiffuse>white</colordiffuse>
							<visible>Container(9000).HasPrevious</visible>
						</control>
     
			<control type="group">
					<animation effect="fade" end="100" time="200">WindowOpen</animation>
					<animation effect="fade" start="100" end="0" time="200">WindowClose</animation>
                <control type="grouplist" id="4000">
                    <orientation>vertical</orientation>
                    <scrolltime tween="sine">400</scrolltime>
                    <posx>68</posx>
                    <posy>130</posy>
                    <itemgap>0</itemgap>
                    <ondown condition="!Skin.HasSetting(EnableTouchSupport)">9000</ondown>
                    <onup condition="!Skin.HasSetting(EnableTouchSupport)">4000</onup>
					<onleft>9000</onleft>
                    <width>2100</width>
                    <height>859</height>
					<pagecontrol>999</pagecontrol>
                    <!-- rating stuff -->
					<control type="group">
						<height>130</height>
						<animation effect="fade" time="250">VisibleChange</animation>
						<!--First Row-->
						<control type="group">
							<posy>0</posy>
							<posx>26</posx>
							<control type="image">
								<posx>-18</posx>
								<posy>0</posy>
								<width>1560</width>
								<height>1</height>
								<colordiffuse>$INFO[Skin.String(ViewDetailsTextColor)]</colordiffuse>
								<texture>dialogs/videoinfo/info/infopanel_line.png</texture>
							</control>
							<control type="image">
								<posx>-18</posx>
								<posy>82</posy>
								<width>1560</width>
								<height>1</height>
								<colordiffuse>$INFO[Skin.String(ViewDetailsTextColor)]</colordiffuse>
								<texture>dialogs/videoinfo/info/infopanel_line.png</texture>
							</control>
							<control type="grouplist">
								<posx>-18</posx>
								<posy>0</posy>
								<width>1800</width>
								<itemgap>0</itemgap>
								<orientation>horizontal</orientation>
								<usecontrolcoords>true</usecontrolcoords>
                                <control type="group">
									<posx>0</posx>
									<width>180</width>
									<visible>!String.IsEqual(Window.Property(Rating),0.0) + !String.IsEmpty(Window.Property(Rating))</visible>
									<control type="image">
										<posx>0</posx>
										<posy>1</posy>
										<height>81</height>
										<width>1</width>
										<colordiffuse>$INFO[Skin.String(ViewDetailsTextColor)]</colordiffuse>
										<texture>dialogs/videoinfo/info/upright.png</texture>
									</control>
									<control type="label">
										<posx>0</posx>
										<posy>10</posy>
										<width>180</width>
										<height>38</height>
										<align>center</align>
										<label fallback="?">$INFO[Window.Property(Rating)]</label>
										<textcolor>$INFO[Skin.String(ViewDetailsTextColor)]</textcolor>
										<shadowcolor>$INFO[Skin.String(ViewDetailsTextShadowColor)]</shadowcolor>
										<font>Bold30</font>
									</control>
									<control type="label">
										<posx>0</posx>
										<posy>37</posy>
										<width>180</width>
										<height>38</height>
										<align>center</align>
										<aligny>center</aligny>
										<label fallback="Rating">$INFO[Window.Property(Votes),, Votes]</label>
										<textcolor>$INFO[Skin.String(ViewDetailsTextColor)]</textcolor>
										<shadowcolor>$INFO[Skin.String(ViewDetailsTextShadowColor)]</shadowcolor>
										<font>Reg24</font>
									</control>
								</control>								
								<control type="group">
									<posx>0</posx>
									<width>220</width>
									<visible>!String.IsEqual(Window.Property(Premiered),0.0) + !String.IsEmpty(Window.Property(Premiered))</visible>
									<control type="image">
										<posx>0</posx>
										<posy>1</posy>
										<height>81</height>
										<width>1</width>
										<colordiffuse>$INFO[Skin.String(ViewDetailsTextColor)]</colordiffuse>
										<texture>dialogs/videoinfo/info/upright.png</texture>
									</control>
									<control type="label">
										<posx>0</posx>
										<posy>10</posy>
										<width>220</width>
										<height>38</height>
										<align>center</align>
										<label fallback="?">$INFO[Window.Property(Premiered)]</label>
										<textcolor>$INFO[Skin.String(ViewDetailsTextColor)]</textcolor>
										<shadowcolor>$INFO[Skin.String(ViewDetailsTextShadowColor)]</shadowcolor>
										<font>Bold30</font>
									</control>
									<control type="label">
										<posx>0</posx>
										<posy>37</posy>
										<width>220</width>
										<height>38</height>
										<align>center</align>
										<aligny>center</aligny>
										<label fallback="Premiered">$INFO[Premiered]</label>
										<textcolor>$INFO[Skin.String(ViewDetailsTextColor)]</textcolor>
										<shadowcolor>$INFO[Skin.String(ViewDetailsTextShadowColor)]</shadowcolor>
										<font>Reg24</font>
									</control>
								</control>
								<control type="group">
									<posx>0</posx>
									<width>220</width>
									<visible>!String.IsEqual(Window.Property(last_air_date),0.0) + !String.IsEmpty(Window.Property(last_air_date))</visible>
									<control type="image">
										<posx>0</posx>
										<posy>1</posy>
										<height>81</height>
										<width>1</width>
										<colordiffuse>$INFO[Skin.String(ViewDetailsTextColor)]</colordiffuse>
										<texture>dialogs/videoinfo/info/upright.png</texture>
									</control>
									<control type="label">
										<posx>0</posx>
										<posy>10</posy>
										<width>220</width>
										<height>38</height>
										<align>center</align>
										<label fallback="?">$INFO[Window.Property(last_air_date)]</label>
										<textcolor>$INFO[Skin.String(ViewDetailsTextColor)]</textcolor>
										<shadowcolor>$INFO[Skin.String(ViewDetailsTextShadowColor)]</shadowcolor>
										<font>Bold30</font>
									</control>
									<control type="label">
										<posx>0</posx>
										<posy>37</posy>
										<width>220</width>
										<height>38</height>
										<align>center</align>
										<aligny>center</aligny>
										<label fallback="Last Air Date">$INFO[Last Air Date]</label>
										<textcolor>$INFO[Skin.String(ViewDetailsTextColor)]</textcolor>
										<shadowcolor>$INFO[Skin.String(ViewDetailsTextShadowColor)]</shadowcolor>
										<font>Reg24</font>
									</control>
								</control>
								<control type="group">
									<posx>0</posx>
									<width>145</width>
									<visible>!String.IsEqual(Window.Property(mpaa),0.0) + !String.IsEmpty(Window.Property(mpaa))</visible>
									<control type="image">
										<posx>0</posx>
										<posy>1</posy>
										<height>81</height>
										<width>1</width>
										<colordiffuse>$INFO[Skin.String(ViewDetailsTextColor)]</colordiffuse>
										<texture>dialogs/videoinfo/info/upright.png</texture>
									</control>
									<control type="label">
										<posx>0</posx>
										<posy>10</posy>
										<width>145</width>
										<height>38</height>
										<align>center</align>
										<textoffsetx>10</textoffsetx>
										<label fallback="?">$INFO[Window.Property(mpaa)]</label>
										<textcolor>$INFO[Skin.String(ViewDetailsTextColor)]</textcolor>
										<shadowcolor>$INFO[Skin.String(ViewDetailsTextShadowColor)]</shadowcolor>
										<font>Bold30</font>
										<scroll>true</scroll>										
										</control>
                                        <control type="label">
										<posx>0</posx>
										<posy>37</posy>
										<width>145</width>
										<height>38</height>
										<align>center</align>
										<aligny>center</aligny>
										<label fallback="Rating">$INFO[Rating]</label>
										<textcolor>$INFO[Skin.String(ViewDetailsTextColor)]</textcolor>
										<shadowcolor>$INFO[Skin.String(ViewDetailsTextShadowColor)]</shadowcolor>
										<font>Reg24</font>										
									</control>
								</control>
								<control type="group">
									<posx>0</posx>
									<width>135</width>
									<visible>!String.IsEmpty(Window.Property(totalseasons))</visible>
									<control type="image">
										<posx>0</posx>
										<posy>1</posy>
										<height>81</height>
										<width>1</width>
										<texture>dialogs/videoinfo/info/upright.png</texture>
										<colordiffuse>$INFO[Skin.String(ViewDetailsTextColor)]</colordiffuse>
									</control>
									<control type="label">
										<posx>0</posx>
										<posy>10</posy>
										<width>135</width>
										<height>38</height>
										<align>center</align>
										<label fallback="?">$INFO[Window.Property(totalseasons)]</label>
										<textcolor>$INFO[Skin.String(ViewDetailsTextColor)]</textcolor>
										<shadowcolor>$INFO[Skin.String(ViewDetailsTextShadowColor)]</shadowcolor>
										<font>Bold32</font>
									</control>
									<control type="label">
										<posx>0</posx>
										<posy>37</posy>
										<width>135</width>
										<height>38</height>
										<align>center</align>
										<aligny>center</aligny>
										<label>Seasons</label>
										<font>Reg24</font>
										<textcolor>$INFO[Skin.String(ViewDetailsTextColor)]</textcolor>
										<shadowcolor>$INFO[Skin.String(ViewDetailsTextShadowColor)]</shadowcolor>
									</control>
								</control>
								<control type="group">
									<posx>0</posx>
									<width>135</width>
									<visible>!String.IsEqual(Window.Property(duration),0.0) + !String.IsEmpty(Window.Property(duration))</visible>
									<control type="image">
										<posx>0</posx>
										<posy>1</posy>
										<height>81</height>
										<width>1</width>
										<colordiffuse>$INFO[Skin.String(ViewDetailsTextColor)]</colordiffuse>
										<texture>dialogs/videoinfo/info/upright.png</texture>
									</control>
									<control type="label">
										<posx>0</posx>
										<posy>10</posy>
										<width>135</width>
										<height>38</height>
										<align>center</align>
										<label fallback="?">$INFO[Window.Property(duration)]</label>
										<textcolor>$INFO[Skin.String(ViewDetailsTextColor)]</textcolor>
										<shadowcolor>$INFO[Skin.String(ViewDetailsTextShadowColor)]</shadowcolor>
										<font>Bold30</font>
									</control>
									<control type="label">
										<posx>0</posx>
										<posy>37</posy>
										<width>135</width>
										<height>38</height>
										<align>center</align>
										<aligny>center</aligny>
										<label fallback="Minutes">$INFO[Minutes]</label>
										<textcolor>$INFO[Skin.String(ViewDetailsTextColor)]</textcolor>
										<shadowcolor>$INFO[Skin.String(ViewDetailsTextShadowColor)]</shadowcolor>
										<font>Reg24</font>
									</control>
								</control>
								<control type="group">
									<posx>0</posx>
									<width>225</width>
									<visible>!String.IsEmpty(Window.Property(Budget))</visible>
									<control type="image">
										<posx>0</posx>
										<posy>1</posy>
										<height>81</height>
										<width>1</width>
										<texture>dialogs/videoinfo/info/upright.png</texture>
										<colordiffuse>$INFO[Skin.String(ViewDetailsTextColor)]</colordiffuse>
									</control>
									<control type="label">
										<posx>0</posx>
										<posy>10</posy>
										<width>225</width>
										<height>38</height>
										<align>center</align>
										<label>$INFO[Window.Property(Budget),$]</label>
										<textcolor>$INFO[Skin.String(ViewDetailsTextColor)]</textcolor>
										<shadowcolor>$INFO[Skin.String(ViewDetailsTextShadowColor)]</shadowcolor>
										<font>Bold32</font>
									</control>
									<control type="label">
										<posx>0</posx>
										<posy>37</posy>
										<width>225</width>
										<height>38</height>
										<align>center</align>
										<aligny>center</aligny>
										<label>31379</label>
										<font>Reg24</font>
										<textcolor>$INFO[Skin.String(ViewDetailsTextColor)]</textcolor>
										<shadowcolor>$INFO[Skin.String(ViewDetailsTextShadowColor)]</shadowcolor>
									</control>
								</control>
								<control type="group">
									<posx>0</posx>
									<width>225</width>
									<visible>!String.IsEmpty(Window.Property(Revenue))</visible>
									<control type="image">
										<posx>0</posx>
										<posy>1</posy>
										<height>81</height>
										<width>1</width>
										<texture>dialogs/videoinfo/info/upright.png</texture>
										<colordiffuse>$INFO[Skin.String(ViewDetailsTextColor)]</colordiffuse>
									</control>
									<control type="label">
										<posx>0</posx>
										<posy>10</posy>
										<width>225</width>
										<height>38</height>
										<align>center</align>
										<label fallback="?">$INFO[Window.Property(Revenue),$]</label>
										<textcolor>$INFO[Skin.String(ViewDetailsTextColor)]</textcolor>
										<shadowcolor>$INFO[Skin.String(ViewDetailsTextShadowColor)]</shadowcolor>
										<font>Bold32</font>
									</control>
									<control type="label">
										<posx>0</posx>
										<posy>37</posy>
										<width>225</width>
										<height>38</height>
										<align>center</align>
										<aligny>center</aligny>
										<label>31380</label>
										<font>Reg24</font>
										<textcolor>$INFO[Skin.String(ViewDetailsTextColor)]</textcolor>
										<shadowcolor>$INFO[Skin.String(ViewDetailsTextShadowColor)]</shadowcolor>
									</control>
								</control>
								<control type="group">
									<posx>0</posx>
									<width>185</width>
									<visible>!String.IsEmpty(Window.Property(Status))</visible>
									<visible>String.IsEqual(Window.Property(type),TVShow)</visible>
									<control type="image">
										<posx>0</posx>
										<posy>1</posy>
										<height>81</height>
										<width>1</width>
										<texture>dialogs/videoinfo/info/upright.png</texture>
										<colordiffuse>$INFO[Skin.String(ViewDetailsTextColor)]</colordiffuse>
									</control>
									<control type="label">
										<posx>0</posx>
										<posy>10</posy>
										<width>185</width>
										<height>38</height>
										<align>center</align>
										<textoffsetx>5</textoffsetx>
										<label fallback="?">$INFO[Window.Property(Status)]</label>
										<textcolor>$INFO[Skin.String(ViewDetailsTextColor)]</textcolor>
										<shadowcolor>$INFO[Skin.String(ViewDetailsTextShadowColor)]</shadowcolor>
										<font>Bold32</font>
										<scroll>true</scroll>
									</control>
									<control type="label">
										<posx>0</posx>
										<posy>37</posy>
										<width>185</width>
										<height>38</height>
										<align>center</align>
										<aligny>center</aligny>
										<label>Status</label>
										<font>Reg24</font>
										<textcolor>$INFO[Skin.String(ViewDetailsTextColor)]</textcolor>
										<shadowcolor>$INFO[Skin.String(ViewDetailsTextShadowColor)]</shadowcolor>
									</control>
								</control>
								<control type="group">
									<posx>0</posx>
									<width>135</width>
									<visible>String.IsEqual(Window.Property(type),Season)</visible>
									<control type="image">
										<posx>0</posx>
										<posy>1</posy>
										<height>81</height>
										<width>1</width>
										<texture>dialogs/videoinfo/info/upright.png</texture>
										<colordiffuse>$INFO[Skin.String(ViewDetailsTextColor)]</colordiffuse>
									</control>
									<control type="label">
										<posx>0</posx>
										<posy>10</posy>
										<width>135</width>
										<height>38</height>
										<align>center</align>
										<label fallback="?">[B]$INFO[Container(2000).NumItems][/B]</label>
										<textcolor>$INFO[Skin.String(ViewDetailsTextColor)]</textcolor>
										<shadowcolor>$INFO[Skin.String(ViewDetailsTextShadowColor)]</shadowcolor>
										<font>Bold32</font>
									</control>
									<control type="label">
										<posx>0</posx>
										<posy>37</posy>
										<width>135</width>
										<height>38</height>
										<align>center</align>
										<aligny>center</aligny>
										<label>$LOCALIZE[20360]</label>
										<font>Reg24</font>
										<textcolor>$INFO[Skin.String(ViewDetailsTextColor)]</textcolor>
										<shadowcolor>$INFO[Skin.String(ViewDetailsTextShadowColor)]</shadowcolor>
									</control>
								</control>
								<control type="image">
									<posx>0</posx>
									<posy>1</posy>
									<height>81</height>
									<width>1</width>
									<texture>dialogs/videoinfo/info/upright.png</texture>
									<colordiffuse>$INFO[Skin.String(ViewDetailsTextColor)]</colordiffuse>
								</control>
							</control>
						</control>
					</control>
				
					<!-- normal info -->
                    <control type="group" id="140">
						<visible>!String.IsEmpty(Window.Property(Plot))</visible>
						<height>350</height>
						<control type="radiobutton" id="132">
						<visible>false</visible>
                        </control>
                        <!-- <control type="label"> -->
							<!-- <posx>7</posx> -->
							<!-- <posy>-35</posy> -->
							<!-- <width>1370</width> -->
							<!-- <height>25</height> -->
							<!-- <label>$INFO[Window.Property(File),[B]$LOCALIZE[31674]: [/B]]</label> -->
							<!-- <textcolor>$INFO[Skin.String(ViewDetailsTextColor)]</textcolor> -->
							<!-- <shadowcolor>$INFO[Skin.String(ViewDetailsTextShadowColor)]</shadowcolor> -->
                            <!-- <visible>!String.IsEmpty(Window.Property(File)) + Skin.HasSetting(extendedinfo_details_filename)</visible> -->
							<!-- <align>left</align> -->
							<!-- <font>Reg20</font> -->
						<!-- </control> -->
						<control type="grouplist">
						<orientation>vertical</orientation>
						<posx>7</posx>
						<posy>-30</posy>
						<itemgap>10</itemgap>
						<width>2100</width>
						<height>300</height>
						<pagecontrol>999</pagecontrol>
						<control type="label">
							<posx>7</posx>
							<width min="0" max="1100">auto</width>
							<height>30</height>
							<label>$INFO[Window.Property(TagLine)]</label>
							<font>Bold26</font>
							<textcolor>$INFO[Skin.String(HeaderTextColor)]</textcolor>
							<shadowcolor>$INFO[Skin.String(HeaderTextShadowColor)]</shadowcolor>
							<visible>!String.IsEmpty(Window.Property(TagLine))</visible>
						</control>
						<control type="textbox" id="800">
							<left>7</left>
							<width>1417</width>
							<height>230</height>
							<label fallback="19055">$INFO[Window.Property(Plot)]</label>
							<textcolor>$INFO[Skin.String(ViewDetailsTextColor)]</textcolor>
							<shadowcolor>$INFO[Skin.String(ViewDetailsTextShadowColor)]</shadowcolor>
							<align>left</align>
							<font>Reg26</font>
							<visible>String.IsEmpty(Window.Property(DiscArt))</visible>
						</control>
						<control type="textbox" id="800">
							<left>7</left>
							<width>1305</width>
							<height>230</height>
							<label fallback="19055">$INFO[Window.Property(Plot)]</label>
							<textcolor>$INFO[Skin.String(ViewDetailsTextColor)]</textcolor>
							<shadowcolor>$INFO[Skin.String(ViewDetailsTextShadowColor)]</shadowcolor>
							<align>left</align>
							<font>Reg26</font>
							<visible>!String.IsEmpty(Window.Property(DiscArt))</visible>
						</control>
						</control>
                        <control type="image">
							<!--cdart image-->
							<right>445</right>
							<posy>-66</posy>
							<width>290</width>
							<height>290</height>
							<texture background="true" diffuse="diffuse/cdmask_new.png" fallback="defaultcovers/cd_big.png">$INFO[Window.Property(DiscArt)]</texture>
							<aspectratio scalediffuse="false" align="center" aligny="center">scale</aspectratio>
							<animation effect="rotate" end="-360" center="auto" time="600" loop="false" reversible="false" condition="!Skin.HasSetting(AnimateDiscArt)">Conditional</animation>
							<animation effect="rotate" end="-360" center="auto" time="20000" delay="0" loop="true" reversible="false" condition="Skin.HasSetting(AnimateDiscArt)">Conditional</animation>
							<visible>!String.IsEmpty(Window.Property(Poster)) + !String.IsEmpty(Window.Property(DiscArt))</visible>
						</control>
						<control type="image">
							<!--poster-->
							<right>323</right>
							<posy>-130</posy>
							<width>292</width>
							<height>418</height>
							<aspectratio align="center" aligny="center" scalediffuse="true">scale</aspectratio>
							<texture background="true" diffuse="diffuse/poster3.png" fallback="DefaultVideo.png" border="5">$INFO[Window.Property(Poster)]</texture>
							<visible>!String.IsEqual(Window.Property(Type),episode)</visible>
						</control>
                    </control>
                    				
					<!-- cast panel -->
                    <control type="group" id="50111">
                        <visible>Integer.IsGreater(Container(1000).NumItems,0)</visible>
						<visible>Skin.HasSetting(extendedinfo_details_cast)</visible>
                        <height>410</height>
                        <control type="label">
                            <posx>7</posx>
                            <posy>0</posy>
                            <width>1540</width>
                            <height>25</height>
                            <aligny>center</aligny>
                            <font>Bold32</font>
                            <textcolor>$INFO[Skin.String(ViewDetailsHighlightTextColor)]</textcolor>
							<shadowcolor>$INFO[Skin.String(ViewDetailsHighlightTextShadowColor)]</shadowcolor>
                            <label>$LOCALIZE[206]$INFO[Container(1000).NumItems, (,)]</label>
                        </control>
                        <control type="panel" id="1000">
                            <posx>0</posx>
                            <posy>40</posy>
                            <width>1808</width>
                            <height>390</height>
                            <onleft>9000</onleft>
                            <onright>1000</onright>
                            <onup condition="!Skin.HasSetting(EnableTouchSupport)">5000</onup>
                            <ondown condition="!Skin.HasSetting(EnableTouchSupport)">750</ondown>
                            <scrolltime>200</scrolltime>
                            <orientation>horizontal</orientation>
                            <itemlayout height="295" width="226">
                                <control type="group">
									<width>203</width>
									<height>280</height>
                                    <include>PosterPanelExtendedInfo</include>
                                  </control>
								  <control type="group">
									<left>-2</left>
									<top>260</top>
									<control type="label">
										<width>207</width>
										<label>$INFO[ListItem.Label]</label>
										<font>reg22</font>
										<textoffsetx>10</textoffsetx>
										<scroll>false</scroll>
										<align>center</align>
										<textcolor>$INFO[Skin.String(ViewDetailsTextColor)]</textcolor>
									</control>
									<control type="label">
										<top>27</top>
										<width>207</width>
										<label>$INFO[ListItem.Property(Character)]</label>
										<font>reg22</font>
										<textoffsetx>10</textoffsetx>
										<scroll>false</scroll>
										<align>center</align>
										<textcolor>$INFO[Skin.String(ViewDetailsTextColor)]</textcolor>
									</control>
								</control>
                            </itemlayout>
                            <focusedlayout height="295" width="226">
                               <control type="group">
									<width>203</width>
									<height>280</height>
                                    <include>PosterPanelExtendedInfoFocus</include>
                                </control>
								<control type="group">
									<left>-2</left>
									<top>260</top>
									<control type="label">
										<width>207</width>
										<label>$INFO[ListItem.Label]</label>
										<font>reg22</font>
										<textoffsetx>10</textoffsetx>
										<scroll>true</scroll>
										<align>center</align>
										<textcolor>$INFO[Skin.String(ViewDetailsTextColor)]</textcolor>
									</control>
									<control type="label">
										<top>27</top>
										<width>207</width>
										<label>$INFO[ListItem.Property(Character)]</label>
										<font>reg22</font>
										<textoffsetx>10</textoffsetx>
										<scroll>true</scroll>
										<align>center</align>
										<textcolor>$INFO[Skin.String(ViewDetailsTextColor)]</textcolor>
									</control>
								</control>
                            </focusedlayout>
						</control>
                    </control>
             																			
					<!-- crew panel -->
					<control type="group" id="54111">
                        <visible>Integer.IsGreater(Container(750).NumItems,0)</visible>
						<visible>Skin.HasSetting(extendedinfo_details_crew)</visible>
                        <height>410</height>
                        <control type="label">
                            <posx>7</posx>
                            <posy>0</posy>
                            <width>1540</width>
                            <height>25</height>
                            <aligny>center</aligny>
							<font>Bold32</font>
                            <textcolor>$INFO[Skin.String(ViewDetailsHighlightTextColor)]</textcolor>
							<shadowcolor>$INFO[Skin.String(ViewDetailsTextShadowColor)]</shadowcolor>
                            <label>$ADDON[script.extendedinfo 32115]$INFO[Container(750).NumItems, (,)]</label>
                        </control>
                        <control type="panel" id="750">
                            <posx>0</posx>
                            <posy>40</posy>
                            <width>1808</width>
                            <height>390</height>
                            <onleft>9000</onleft>
                            <onright>750</onright>
                            <onup condition="!Skin.HasSetting(EnableTouchSupport)">1000</onup>
                            <ondown condition="!Skin.HasSetting(EnableTouchSupport)">250</ondown>
                            <scrolltime>200</scrolltime>
                            <orientation>horizontal</orientation>
                            <itemlayout height="295" width="226">
                                <control type="group">
									<width>203</width>
									<height>280</height>
                                    <include>PosterPanelExtendedInfo</include>
                                  </control>
								  <control type="group">
									<left>-2</left>
									<top>260</top>
									<control type="label">
										<width>207</width>
										<label>$INFO[ListItem.Label]</label>
										<font>reg22</font>
										<textoffsetx>10</textoffsetx>
										<scroll>false</scroll>
										<align>center</align>
										<textcolor>$INFO[Skin.String(ViewDetailsTextColor)]</textcolor>
									</control>
									<control type="label">
										<top>27</top>
										<width>207</width>
										<label>$INFO[ListItem.Property(Job)]</label>
										<font>reg22</font>
										<textoffsetx>10</textoffsetx>
										<scroll>false</scroll>
										<align>center</align>
										<textcolor>$INFO[Skin.String(ViewDetailsTextColor)]</textcolor>
									</control>
								</control>
                            </itemlayout>
                            <focusedlayout height="295" width="226">
                               <control type="group">
									<width>203</width>
									<height>280</height>
                                    <include>PosterPanelExtendedInfoFocus</include>
                                </control>
								<control type="group">
									<left>-2</left>
									<top>260</top>
									<control type="label">
										<width>207</width>
										<label>$INFO[ListItem.Label]</label>
										<font>reg22</font>
										<textoffsetx>10</textoffsetx>
										<scroll>true</scroll>
										<align>center</align>
										<textcolor>$INFO[Skin.String(ViewDetailsTextColor)]</textcolor>
									</control>
									<control type="label">
										<top>27</top>
										<width>207</width>
										<label>$INFO[ListItem.Property(Job)]</label>
										<font>reg22</font>
										<textoffsetx>10</textoffsetx>
										<scroll>true</scroll>
										<align>center</align>
										<textcolor>$INFO[Skin.String(ViewDetailsTextColor)]</textcolor>
									</control>
								</control>
                            </focusedlayout>
						</control>
                    </control>
                    				
					
             		<!-- movie sets or seasons-->
					<control type="group" id="50113">
                        <height>410</height>
                        <visible>Integer.IsGreater(Container(250).NumItems,0)</visible>
						<visible>Skin.HasSetting(extendedinfo_details_seasons)</visible>
                        <control type="label">
                            <posx>7</posx>
                            <posy>0</posy>
                            <width>1540</width>
                            <height>25</height>
                            <aligny>center</aligny>
                          <font>Bold32</font>
                            <textcolor>$INFO[Skin.String(ViewDetailsHighlightTextColor)]</textcolor>
							<shadowcolor>$INFO[Skin.String(ViewDetailsTextShadowColor)]</shadowcolor>
                            <label>$INFO[Window.Property(set.label)]$INFO[Container(250).NumItems, (,)]</label>
							<visible>!Integer.IsGreater(Container(250).NumItems,0)</visible>
                        </control>
						 <control type="label">
                            <posx>5</posx>
                            <posy>0</posy>
                            <width>1540</width>
                            <height>25</height>
                            <aligny>center</aligny>
                          <font>Bold32</font>
                            <textcolor>$INFO[Skin.String(ViewDetailsHighlightTextColor)]</textcolor>
							<shadowcolor>$INFO[Skin.String(ViewDetailsTextShadowColor)]</shadowcolor>
                            <label>$LOCALIZE[31651] $INFO[Container(250).NumItems,(,)]</label>
							<visible>Integer.IsGreater(Container(250).NumItems,0)</visible>
							<visible>String.IsEqual(Window.Property(Type),movie)</visible>
                        </control>
						<control type="label">
                            <posx>5</posx>
                            <posy>0</posy>
                            <width>1540</width>
                            <height>25</height>
                            <aligny>center</aligny>
                          <font>Bold32</font>
                            <textcolor>$INFO[Skin.String(ViewDetailsHighlightTextColor)]</textcolor>
							<shadowcolor>$INFO[Skin.String(ViewDetailsTextShadowColor)]</shadowcolor>
                            <label>$LOCALIZE[320207] $INFO[Container(250).NumItems,(,)]</label>
							<visible>Integer.IsGreater(Container(250).NumItems,0)</visible>
							<visible>!String.IsEqual(Window.Property(Type),movie)</visible>
                        </control>
                        <control type="panel" id="250">
                            <posx>0</posx>
                            <posy>40</posy>
                            <width>1808</width>
                            <height>390</height>
                            <onleft>9000</onleft>
                            <onright>250</onright>
                            <onup condition="!Skin.HasSetting(EnableTouchSupport)">750</onup>
                            <ondown condition="!Skin.HasSetting(EnableTouchSupport)">2000</ondown>
                            <scrolltime>200</scrolltime>
                            <orientation>horizontal</orientation>
							<itemlayout height="295" width="226">
                                <control type="group">
									<width>203</width>
									<height>280</height>
                                    <include>PosterPanelExtendedInfo</include>
                                  </control>
								  <control type="group">
									<left>-2</left>
									<top>260</top>
									<control type="label">
										<width>207</width>
										<label>$INFO[ListItem.Label]</label>
										<font>reg22</font>
										<textoffsetx>10</textoffsetx>
										<scroll>false</scroll>
										<align>center</align>
										<textcolor>$INFO[Skin.String(ViewDetailsTextColor)]</textcolor>
									</control>
									<control type="label">
										<top>27</top>
										<width>207</width>
										<label>$INFO[ListItem.Year]</label>
										<font>reg22</font>
										<textoffsetx>10</textoffsetx>
										<scroll>false</scroll>
										<align>center</align>
										<textcolor>$INFO[Skin.String(ViewDetailsTextColor)]</textcolor>
									</control>
								</control>
                            </itemlayout>
                            <focusedlayout height="295" width="226">
                               <control type="group">
									<width>203</width>
									<height>280</height>
                                    <include>PosterPanelExtendedInfoFocus</include>
                                </control>
								<control type="group">
									<left>-2</left>
									<top>260</top>
									<control type="label">
										<width>207</width>
										<label>$INFO[ListItem.Label]</label>
										<font>reg22</font>
										<textoffsetx>10</textoffsetx>
										<scroll>true</scroll>
										<align>center</align>
										<textcolor>$INFO[Skin.String(ViewDetailsTextColor)]</textcolor>
									</control>
									<control type="label">
										<top>27</top>
										<width>207</width>
										<label>$INFO[ListItem.Year]</label>
										<font>reg22</font>
										<textoffsetx>10</textoffsetx>
										<scroll>true</scroll>
										<align>center</align>
										<textcolor>$INFO[Skin.String(ViewDetailsTextColor)]</textcolor>
									</control>
								</control>
                            </focusedlayout>
						</control>
                    </control>
					
					<!-- episode index -->
					<control type="group">
                        <visible>Integer.IsGreater(Container(2000).NumItems,0)</visible>
						<visible>Skin.HasSetting(extendedinfo_details_episodes)</visible>
                        <height>318</height>
                        <control type="label">
                            <posx>7</posx>
                            <posy>0</posy>
                            <width>500</width>
                            <height>25</height>
                            <aligny>center</aligny>
                          <font>Bold32</font>
                            <textcolor>$INFO[Skin.String(ViewDetailsHighlightTextColor)]</textcolor>
							<shadowcolor>$INFO[Skin.String(ViewDetailsTextShadowColor)]</shadowcolor>
                            <label>31382</label>
                        </control>
                        <control type="panel" id="2000">
                            <posx>0</posx>
                            <posy>44</posy>
                            <width>1808</width>
                            <height>260</height>
                            <onleft>9000</onleft>
                            <onright>2000</onright>
                            <onup condition="!Skin.HasSetting(EnableTouchSupport)">250</onup>
                            <ondown condition="!Skin.HasSetting(EnableTouchSupport)">1150</ondown>
                            <pagecontrol>60</pagecontrol>
                            <scrolltime>300</scrolltime>
                            <focusposition>0</focusposition>
                            <orientation>horizontal</orientation>
                            <preloaditems>2</preloaditems>
							<itemlayout width="361" height="200">
								<control type="group">									
										<width>340</width>
										<height>200</height>
										<include>ThumbsViewBingieLayout</include>							
									<control type="label">
										<bottom>-41</bottom>
										<left>8</left>
										<width>324</width>
										<textcolor>$INFO[Skin.String(ViewDetailsTextColor)]</textcolor>
										<font>Reg22</font>
										<label>$INFO[ListItem.Episode,[B],[/B]]$INFO[ListItem.Label,[B]:[/B] ]</label>
									</control>
								</control>
							</itemlayout>
							<focusedlayout width="361" height="200">
								<control type="group">
										<width>340</width>
										<height>200</height>
										<include>ThumbsViewBingieLayoutFocusInfo</include>
									<control type="label">
										<bottom>-41</bottom>
										<left>8</left>
										<width>324</width>
										<textcolor>$INFO[Skin.String(ViewDetailsTextColor)]</textcolor>
										<font>Reg22</font>
										<label>$INFO[ListItem.Episode,[B],[/B]]$INFO[ListItem.Label,[B]:[/B] ]</label>
										<scroll>true</scroll>
									</control>
								</control>
							</focusedlayout>
						</control>
                    </control>
					
             		<!-- official movies -->
					<control type="group">
                        <visible>Integer.IsGreater(Container(1150).NumItems,0)</visible>
						<visible>Skin.HasSetting(extendedinfo_details_movies)</visible>
                        <height>318</height>
                        <control type="label">
                            <posx>7</posx>
                            <posy>0</posy>
                            <width>1540</width>
                            <height>25</height>
                            <aligny>center</aligny>
                          <font>Bold32</font>
                            <textcolor>$INFO[Skin.String(ViewDetailsHighlightTextColor)]</textcolor>
							<shadowcolor>$INFO[Skin.String(ViewDetailsTextShadowColor)]</shadowcolor>
                            <label>$ADDON[script.extendedinfo 32117]</label>
                        </control>
                        <control type="panel" id="1150">
                            <posx>0</posx>
                            <posy>40</posy>
                            <width>1800</width>
                            <height>250</height>
                            <onleft>9000</onleft>
                            <onright>1150</onright>
                            <onup condition="!Skin.HasSetting(EnableTouchSupport)">2000</onup>
                            <ondown condition="!Skin.HasSetting(EnableTouchSupport)">350</ondown>
                            <pagecontrol>60</pagecontrol>
                            <scrolltime>300</scrolltime>
                            <focusposition>0</focusposition>
                            <orientation>horizontal</orientation>
                            <preloaditems>2</preloaditems>
							<itemlayout width="359" height="240">
								<control type="group">
                                    <width>348</width>
                                    <height>240</height>
                                    <include>ThumbsViewBingieLayout</include>
                                </control>
							</itemlayout>
							<focusedlayout width="359" height="220">
								<control type="group">
                                    <width>348</width>
                                    <height>240</height>
                                    <include>ThumbsViewBingieLayoutFocusInfo</include>
                                </control>
							</focusedlayout>
						</control>
                    </control>
					
             		<!-- youtube movies -->
					<control type="group">
                        <visible>Integer.IsGreater(Container(350).NumItems,0)</visible>
						<visible>Skin.HasSetting(extendedinfo_details_youtube)</visible>
                        <height>318</height>
                        <control type="label">
                            <posx>7</posx>
                            <posy>0</posy>
                            <width>1540</width>
                            <height>25</height>
                            <aligny>center</aligny>
                          <font>Bold32</font>
                            <textcolor>$INFO[Skin.String(ViewDetailsHighlightTextColor)]</textcolor>
							<shadowcolor>$INFO[Skin.String(ViewDetailsTextShadowColor)]</shadowcolor>
                            <label>$ADDON[script.extendedinfo 32118]</label>
                        </control> 
                        <control type="panel" id="350">
                            <posx>0</posx>
                            <posy>40</posy>
                            <width>1800</width>
                            <height>250</height>
							<onleft>9000</onleft>
                            <onright>350</onright>
                            <onup condition="!Skin.HasSetting(EnableTouchSupport)">1150</onup>
                            <ondown condition="!Skin.HasSetting(EnableTouchSupport)">550</ondown>
                            <pagecontrol>60</pagecontrol>
                            <scrolltime>300</scrolltime>
                            <focusposition>0</focusposition>
                            <orientation>horizontal</orientation>
                            <preloaditems>2</preloaditems>
                            <itemlayout width="359" height="240">
								<control type="group">
                                    <width>345</width>
                                    <height>240</height>
                                    <include>ThumbsViewBingieLayout</include>
                                </control>
							</itemlayout>
							<focusedlayout width="359" height="240">
								<control type="group">
                                    <width>345</width>
                                    <height>240</height>
                                    <include>ThumbsViewBingieLayoutFocusInfo</include>
                                </control>
							</focusedlayout>
						</control>
                    </control>
					
             		<!-- studios -->
					<control type="group">
                        <visible>Integer.IsGreater(Container(550).NumItems,0)</visible>
						<visible>Skin.HasSetting(extendedinfo_details_studios)</visible>
                        <height>194</height>
                        <control type="label">
                            <posx>7</posx>
                            <posy>0</posy>
                            <width>1540</width>
                            <height>25</height>
                            <aligny>center</aligny>
                          <font>Bold32</font>
                            <textcolor>$INFO[Skin.String(ViewDetailsHighlightTextColor)]</textcolor>
							<shadowcolor>$INFO[Skin.String(ViewDetailsTextShadowColor)]</shadowcolor>
                            <label>$LOCALIZE[20388]</label>
                        </control>
                        <control type="panel" id="550">
                            <posx>0</posx>
                            <posy>49</posy>
                            <width>1800</width>
                            <height>160</height>
                            <onleft>9000</onleft>
                            <onright>550</onright>
                            <onup condition="!Skin.HasSetting(EnableTouchSupport)">350</onup>
                            <ondown condition="!Skin.HasSetting(EnableTouchSupport)">1450</ondown>
                            <pagecontrol>60</pagecontrol>
                            <scrolltime>300</scrolltime>
                            <focusposition>0</focusposition>
                            <orientation>horizontal</orientation>
                            <preloaditems>2</preloaditems>
                            <itemlayout height="200" width="360">
                                <control type="group">
                                    <posx>5</posx>
									<control type="image">
									<visible>!Skin.HasSetting(ExtendedInfoHidePanel)</visible>
									<animation effect="fade" start="100" end="30" time="0" condition="true">Conditional</animation>
                                        <posy>0</posy>
                                        <width>340</width>
                                        <height>100</height>
                                        <texture border="10" background="true" colordiffuse="$INFO[Skin.String(ViewDetailsBorderFocusColor)]">$INFO[Skin.String(thumbsborder_focused),bingie/border/default_button_fo_,.png]</texture>										
                                    </control>
                                    <control type="image">
									<visible>Skin.HasSetting(ExtendedInfoHidePanel)</visible>
									<animation effect="fade" start="100" end="12" time="0" condition="true">Conditional</animation>
                                        <posy>0</posy>
                                        <width>340</width>
                                        <height>100</height>
                                        <texture border="10" background="true" colordiffuse="$INFO[Skin.String(ViewDetailsBorderFocusColor)]">$INFO[Skin.String(thumbsborder_focused),bingie/border/default_button_fo_,.png]</texture>										
                                    </control>
                                   <control type="label">
										<left>14</left>
										<width>312</width>
										<height>93</height>
										<align>center</align>
										<aligny>center</aligny>
										<textcolor>$INFO[Skin.String(ViewDetailsListItemTextColor)]</textcolor>
										<font>Reg28</font>
										<label>$INFO[ListItem.Label]</label>
									</control>
                                </control>
                            </itemlayout>
                            <focusedlayout height="200" width="360">
                                <control type="group">
                                    <posx>5</posx>
                                    <control type="image">
                                        <posy>0</posy>
                                        <width>340</width>
                                        <height>100</height>
                                        <texture border="10" background="true" colordiffuse="$INFO[Skin.String(ViewDetailsBorderFocusColor)]">$INFO[Skin.String(thumbsborder_focused),bingie/border/default_button_fo_,.png]</texture>
                                    </control>
                                   <control type="label">
										<left>14</left>
										<width>312</width>
										<height>93</height>
										<align>center</align>
										<aligny>center</aligny>
										<textcolor>$INFO[Skin.String(ViewDetailsListItemTextFocusColor)]</textcolor>
										<font>Reg28</font>
										<label>$INFO[ListItem.Label]</label>
										<scroll>true</scroll>
									</control>
                                </control>
                            </focusedlayout>
                 		</control>
                    </control>
             		<!-- networks -->
					<control type="group">
                        <visible>Integer.IsGreater(Container(1450).NumItems,0)</visible>
						<visible>Skin.HasSetting(extendedinfo_details_networks)</visible>
                        <height>194</height>
                        <control type="label">
                            <posx>7</posx>
                            <posy>0</posy>
                            <width>1540</width>
                            <height>25</height>
                            <aligny>center</aligny>
                          <font>Bold32</font>
                            <textcolor>$INFO[Skin.String(ViewDetailsHighlightTextColor)]</textcolor>
							<shadowcolor>$INFO[Skin.String(ViewDetailsTextShadowColor)]</shadowcolor>
                            <label>$ADDON[script.extendedinfo 32152]</label>
                        </control>
                        <control type="panel" id="1450">
                            <posx>0</posx>
                            <posy>49</posy>
                            <width>1800</width>
                            <height>160</height>
                            <onleft>9000</onleft>
                            <onright>1450</onright>
                            <onup condition="!Skin.HasSetting(EnableTouchSupport)">550</onup>
                            <ondown condition="!Skin.HasSetting(EnableTouchSupport)">850</ondown>
                            <pagecontrol>60</pagecontrol>
                            <scrolltime>300</scrolltime>
                            <focusposition>0</focusposition>
                            <orientation>horizontal</orientation>
                            <preloaditems>2</preloaditems>
                             <itemlayout height="200" width="360">
                                <control type="group">
                                    <posx>5</posx>
                                    <control type="image">
									<visible>!Skin.HasSetting(ExtendedInfoHidePanel)</visible>
									<animation effect="fade" start="100" end="30" time="0" condition="true">Conditional</animation>
                                        <posy>0</posy>
                                        <width>340</width>
                                        <height>100</height>
                                        <texture border="10" background="true" colordiffuse="$INFO[Skin.String(ViewDetailsBorderFocusColor)]">$INFO[Skin.String(thumbsborder_focused),bingie/border/default_button_fo_,.png]</texture>										
                                    </control>
                                    <control type="image">
									<visible>Skin.HasSetting(ExtendedInfoHidePanel)</visible>
									<animation effect="fade" start="100" end="12" time="0" condition="true">Conditional</animation>
                                        <posy>0</posy>
                                        <width>340</width>
                                        <height>100</height>
                                        <texture border="10" background="true" colordiffuse="$INFO[Skin.String(ViewDetailsBorderFocusColor)]">$INFO[Skin.String(thumbsborder_focused),bingie/border/default_button_fo_,.png]</texture>										
                                    </control>
                             <control type="label">
										<left>14</left>
										<width>312</width>
										<height>93</height>
										<align>center</align>
										<aligny>center</aligny>
										<textcolor>$INFO[Skin.String(ViewDetailsListItemTextColor)]</textcolor>
										<font>Reg28</font>
										<label>$INFO[ListItem.Label]</label>
									</control>
                                </control>
                            </itemlayout>
                            <focusedlayout height="200" width="360">
                                <control type="group">
                                    <posx>5</posx>
                                    <control type="image">
                                        <posy>0</posy>
                                        <width>340</width>
                                        <height>100</height>
                                        <texture border="10" background="true" colordiffuse="$INFO[Skin.String(ViewDetailsBorderFocusColor)]">$INFO[Skin.String(thumbsborder_focused),bingie/border/default_button_fo_,.png]</texture>
                                    </control>
                                   <control type="label">
										<left>14</left>
										<width>312</width>
										<height>93</height>
										<align>center</align>
										<aligny>center</aligny>
										<textcolor>$INFO[Skin.String(ViewDetailsListItemTextFocusColor)]</textcolor>
										<font>Reg28</font>
										<label>$INFO[ListItem.Label]</label>
										<scroll>true</scroll>
									</control>
                                </control>
                            </focusedlayout>
                        </control>
                    </control>
             					
					
					<!-- Genres -->
                    <control type="group">
                        <visible>Integer.IsGreater(Container(850).NumItems,0)</visible>
						<visible>Skin.HasSetting(extendedinfo_details_genres)</visible>
                        <height>194</height>
                        <control type="label">
                           <posx>7</posx>
                            <posy>0</posy>
                            <width>1540</width>
                            <height>25</height>
                            <aligny>center</aligny>
                          <font>Bold32</font>
                            <textcolor>$INFO[Skin.String(ViewDetailsHighlightTextColor)]</textcolor>
							<shadowcolor>$INFO[Skin.String(ViewDetailsTextShadowColor)]</shadowcolor>
                            <label>135</label>
                        </control>
                        <control type="panel" id="850">
                            <posx>0</posx>
                            <posy>49</posy>
                            <width>1800</width>
                            <height>160</height>
                            <onleft>9000</onleft>
                            <onright>850</onright>
                            <onup condition="!Skin.HasSetting(EnableTouchSupport)">1450</onup>
                            <ondown condition="!Skin.HasSetting(EnableTouchSupport)">1050</ondown>
                            <pagecontrol>60</pagecontrol>
                            <scrolltime>300</scrolltime>
                            <focusposition>0</focusposition>
                            <orientation>horizontal</orientation>
                            <itemlayout height="100" width="360">
                                <control type="group">
                                    <posx>5</posx>
                                    <control type="image">
									<visible>!Skin.HasSetting(ExtendedInfoHidePanel)</visible>
									<animation effect="fade" start="100" end="30" time="0" condition="true">Conditional</animation>
                                        <posy>0</posy>
                                        <width>340</width>
                                        <height>100</height>
                                        <texture border="10" background="true" colordiffuse="$INFO[Skin.String(ViewDetailsBorderFocusColor)]">$INFO[Skin.String(thumbsborder_focused),bingie/border/default_button_fo_,.png]</texture>										
                                    </control>
                                    <control type="image">
									<visible>Skin.HasSetting(ExtendedInfoHidePanel)</visible>
									<animation effect="fade" start="100" end="12" time="0" condition="true">Conditional</animation>
                                        <posy>0</posy>
                                        <width>340</width>
                                        <height>100</height>
                                        <texture border="10" background="true" colordiffuse="$INFO[Skin.String(ViewDetailsBorderFocusColor)]">$INFO[Skin.String(thumbsborder_focused),bingie/border/default_button_fo_,.png]</texture>										
                                    </control>
                                   <control type="label">
										<left>14</left>
										<width>312</width>
										<height>93</height>
										<align>center</align>
										<aligny>center</aligny>
										<textcolor>$INFO[Skin.String(ViewDetailsListItemTextColor)]</textcolor>
										<font>Reg28</font>
										<label>$INFO[ListItem.Label]</label>
									</control>
                                </control>
                            </itemlayout>
                            <focusedlayout height="100" width="360">
                                <control type="group">
                                    <posx>5</posx>
                                    <control type="image">
                                        <posy>0</posy>
                                        <width>340</width>
                                        <height>100</height>
                                        <texture border="10" background="true" colordiffuse="$INFO[Skin.String(ViewDetailsBorderFocusColor)]">$INFO[Skin.String(thumbsborder_focused),bingie/border/default_button_fo_,.png]</texture>
                                    </control>
                                   <control type="label">
										<left>14</left>
										<width>312</width>
										<height>93</height>
										<align>center</align>
										<aligny>center</aligny>
										<textcolor>$INFO[Skin.String(ViewDetailsListItemTextFocusColor)]</textcolor>
										<font>Reg28</font>
										<label>$INFO[ListItem.Label]</label>
										<scroll>true</scroll>
									</control>
                                </control>
                            </focusedlayout>
                        </control>
                    </control>
             		<!-- reviews -->
					<control type="group">
                        <visible>Integer.IsGreater(Container(1050).NumItems,0)</visible>
						<visible>Skin.HasSetting(extendedinfo_details_reviews)</visible>
                        <height>392</height>
                        <control type="label">
                            <posx>7</posx>
                            <posy>0</posy>
                            <width>500</width>
                            <height>25</height>
                            <aligny>center</aligny>
                            <font>Bold32</font>
                            <textcolor>$INFO[Skin.String(ViewDetailsHighlightTextColor)]</textcolor>
                            <label>$ADDON[script.extendedinfo 32167]</label>
                        </control>
                        <control type="panel" id="1050">
                            <posx>5</posx>
                            <posy>48</posy>
                            <width>1800</width>
                            <height>320</height>
                            <onleft>9000</onleft>
                            <onright>1050</onright>
                            <onup condition="!Skin.HasSetting(EnableTouchSupport)">850</onup>
                            <ondown condition="!Skin.HasSetting(EnableTouchSupport)">150</ondown>
                            <pagecontrol>60</pagecontrol>
                            <scrolltime>300</scrolltime>
                            <focusposition>0</focusposition>
                            <orientation>horizontal</orientation>
                            <preloaditems>2</preloaditems>
							<itemgap>50</itemgap>
							
							<itemlayout height="300" width="900">
                                <control type="group">
									<control type="image">
									<visible>!Skin.HasSetting(ExtendedInfoHidePanel)</visible>
									<animation effect="fade" start="100" end="30" time="0" condition="true">Conditional</animation>
										<width>874</width>
                                        <texture border="10" background="true" colordiffuse="$INFO[Skin.String(ViewDetailsBorderFocusColor)]">$INFO[Skin.String(thumbsborder_focused),bingie/border/default_button_fo_,.png]</texture>
                                    </control>
                                    <control type="image">
									<visible>Skin.HasSetting(ExtendedInfoHidePanel)</visible>
									<animation effect="fade" start="100" end="12" time="0" condition="true">Conditional</animation>
										<width>874</width>
                                        <texture border="10" background="true" colordiffuse="$INFO[Skin.String(ViewDetailsBorderFocusColor)]">$INFO[Skin.String(thumbsborder_focused),bingie/border/default_button_fo_,.png]</texture>
                                    </control>
                                   <control type="textbox">
										<top>17</top>
										<left>23</left>
										<width>827</width>
										<height>270</height>
										<align>left</align>										
										<textcolor>$INFO[Skin.String(ViewDetailsListItemTextColor)]</textcolor>
										<font>Reg26</font>
										<label>$INFO[ListItem.Property(Author),[B],[/B][CR]]$INFO[ListItem.Property(Content)]</label>
									</control>
                                </control>
                            </itemlayout>
                            <focusedlayout height="300" width="900">
                                <control type="group">
                                    <control type="image">
										<width>874</width>
                                        <texture border="10" background="true" colordiffuse="$INFO[Skin.String(ViewDetailsBorderFocusColor)]">$INFO[Skin.String(thumbsborder_focused),bingie/border/default_button_fo_,.png]</texture>
                                    </control>
                                   <control type="textbox">
										<top>17</top>
										<left>23</left>
										<width>827</width>
										<height>270</height>
										<align>left</align>										
										<textcolor>$INFO[Skin.String(ViewDetailsListItemTextFocusColor)]</textcolor>
										<font>Reg26</font>
										<label>$INFO[ListItem.Property(Author),[B],[/B][CR]]$INFO[ListItem.Property(Content)]</label>
									</control>
                                </control>
                            </focusedlayout>
						</control>
                    </control>
					
					<!-- recommended by TMDB -->
					<control type="group" id="50112">
                        <visible>Integer.IsGreater(Container(150).NumItems,0)</visible>
						<visible>Skin.HasSetting(extendedinfo_details_recommended)</visible>
                        <height>410</height>
                        <control type="label">
                            <posx>7</posx>
                            <posy>0</posy>
                            <width>1540</width>
                            <height>25</height>
                            <aligny>center</aligny>
                          <font>Bold32</font>
                            <textcolor>$INFO[Skin.String(ViewDetailsHighlightTextColor)]</textcolor>
							<shadowcolor>$INFO[Skin.String(ViewDetailsTextShadowColor)]</shadowcolor>
                            <label>$ADDON[script.extendedinfo 32116]$INFO[Container(150).NumItems, (,)]</label>
                        </control>
                        <control type="panel" id="150">
                            <posx>0</posx>
                            <posy>40</posy>
                            <width>1808</width>
                            <height>390</height>
                            <onleft>9000</onleft>
                            <onright>150</onright>
                            <onup condition="!Skin.HasSetting(EnableTouchSupport)">1050</onup>
                            <ondown condition="!Skin.HasSetting(EnableTouchSupport)">1250</ondown>
                            <scrolltime>200</scrolltime>
                            <orientation>horizontal</orientation>
							 <itemlayout height="295" width="226">
                                <control type="group">
									<width>203</width>
									<height>280</height>
                                    <include>PosterPanelExtendedInfo</include>
                                  </control>
								  <control type="group">
									<left>-2</left>
									<top>260</top>
									<control type="label">
										<width>207</width>
										<label>$INFO[ListItem.Label]</label>
										<font>reg22</font>
										<textoffsetx>10</textoffsetx>
										<scroll>false</scroll>
										<align>center</align>
										<textcolor>$INFO[Skin.String(ViewDetailsTextColor)]</textcolor>
									</control>
									<control type="label">
										<top>27</top>
										<width>207</width>
										<label>$INFO[ListItem.Year]</label>
										<font>reg22</font>
										<textoffsetx>10</textoffsetx>
										<scroll>false</scroll>
										<align>center</align>
										<textcolor>$INFO[Skin.String(ViewDetailsTextColor)]</textcolor>
									</control>
								</control>
                            </itemlayout>
                            <focusedlayout height="295" width="226">
                               <control type="group">
									<width>203</width>
									<height>280</height>
                                    <include>PosterPanelExtendedInfoFocus</include>
                                </control>
								<control type="group">
									<left>-2</left>
									<top>260</top>
									<control type="label">
										<width>207</width>
										<label>$INFO[ListItem.Label]</label>
										<font>reg22</font>
										<textoffsetx>10</textoffsetx>
										<scroll>true</scroll>
										<align>center</align>
										<textcolor>$INFO[Skin.String(ViewDetailsTextColor)]</textcolor>
									</control>
									<control type="label">
										<top>27</top>
										<width>207</width>
										<label>$INFO[ListItem.Year]</label>
										<font>reg22</font>
										<textoffsetx>10</textoffsetx>
										<scroll>true</scroll>
										<align>center</align>
										<textcolor>$INFO[Skin.String(ViewDetailsTextColor)]</textcolor>
									</control>
								</control>
                            </focusedlayout>
						
						</control>
                    </control>
             						
             		<!-- artwork (posters) -->
					<control type="group">
                        <height>356</height>
                        <visible>Integer.IsGreater(Container(1250).NumItems,0)</visible>
						<visible>Skin.HasSetting(extendedinfo_details_posters)</visible>
                        <control type="label">
                            <posx>7</posx>
							<posy>0</posy>
                            <width>500</width>
                            <height>25</height>
                            <aligny>center</aligny>
                          <font>Bold32</font>
                            <textcolor>$INFO[Skin.String(ViewDetailsHighlightTextColor)]</textcolor>
							<shadowcolor>$INFO[Skin.String(ViewDetailsTextShadowColor)]</shadowcolor>
                            <label>$ADDON[script.extendedinfo 32119]</label>
                        </control>
                        <control type="panel" id="1250">
                            <posx>0</posx>
                            <posy>33</posy>
                            <width>1808</width>
                            <height>390</height>
                            <onleft>9000</onleft>
                            <onright>1250</onright>
                            <onup condition="!Skin.HasSetting(EnableTouchSupport)">150</onup>
                            <ondown condition="!Skin.HasSetting(EnableTouchSupport)">1350</ondown>
                            <scrolltime>200</scrolltime>
                            <orientation>horizontal</orientation>
                            <itemlayout height="295" width="226">
                                <control type="group">									
									<width>203</width>
									<height>280</height>
									<include>PosterPanelExtendedInfo</include>									
                                </control>
                            </itemlayout>
                            <focusedlayout height="295" width="226">
                               <control type="group">								
									<width>203</width>
									<height>280</height>
									<include>PosterPanelExtendedInfoFocus</include>
                                </control>
                            </focusedlayout>
						</control>
                    </control>
             		<!-- fanart -->
					<control type="group">
                        <height>282</height>
                        <visible>Integer.IsGreater(Container(1350).NumItems,0)</visible>
						<visible>Skin.HasSetting(extendedinfo_details_fanart)</visible>
                        <control type="label">
                            <posx>7</posx>
							<posy>0</posy>
                            <width>500</width>
                            <height>25</height>
                            <aligny>center</aligny>
                          <font>Bold32</font>
                            <textcolor>$INFO[Skin.String(ViewDetailsHighlightTextColor)]</textcolor>
							<shadowcolor>$INFO[Skin.String(ViewDetailsTextShadowColor)]</shadowcolor>
                            <label>$LOCALIZE[20445]</label>
                        </control>
                        <control type="panel" id="1350">
                            <posx>0</posx>
                            <posy>42</posy>
                            <width>1808</width>
                            <height>280</height>
                            <onleft>9000</onleft>
                            <onright>1350</onright>
                            <onup condition="!Skin.HasSetting(EnableTouchSupport)">1250</onup>
                            <ondown condition="!Skin.HasSetting(EnableTouchSupport)">9000</ondown>
                            <scrolltime>200</scrolltime>
                            <orientation>horizontal</orientation>
                            <itemlayout width="361" height="226">
								<control type="group">
									<width>340</width>
									<height>200</height>
									<include>ThumbsViewBingieLayout</include>
								</control>
							</itemlayout>
							<focusedlayout width="361" height="226">
								<control type="group">
									<width>340</width>
									<height>200</height>
									<include>ThumbsViewBingieLayoutFocusInfo</include>
								</control>
							</focusedlayout>

						</control>
                    </control>			
					
					<!-- buttons (hidden)
					<control type="grouplist" id="5000">
						<posx>60</posx>
						<posy>140</posy>
						<width>1090</width>
						<height>400</height>
						<onleft>9000</onleft>
						<onright>5000</onright>
						<onup condition="!Skin.HasSetting(EnableTouchSupport)">2000</onup>
						<ondown condition="!Skin.HasSetting(EnableTouchSupport)">1000</ondown>
						<itemgap>-10</itemgap>
						<visible>false</visible>
						<orientation>horizontal</orientation>
						<scrolltime tween="quadratic">200</scrolltime>
						<control type="group" id="20000">
							<posx>0</posx>
							<posy>0</posy>
							<visible>false</visible>
							<width>280</width>
							<height>400</height>
							<control type="radiobutton" id="6001">
								<visible>false</visible>
							</control>
							<control type="label">
								<visible>false</visible>
							</control>
						</control>
						
					</control> -->
         				
				</control>

				
				<!--Movie info-->
                <control type="group" id="33000">
                    <posx>825</posx>
                    <posy>22</posy>
                    <visible>false</visible>
                    <animation effect="fade" time="250">VisibleChange</animation>
                </control>
				
				
				
				
			</control>
        </control>
    </controls>
</window>
