<?xml version="1.0" encoding="utf-8"?>
<!-- BINGIE -->
<includes>
    <include name="View_517_Cards">
        <control type="group">
            <include>animation_view_change</include>
            <visible>Control.IsVisible(517)</visible>
			
			<!-- Fanart Image Added to View-->
            <control type="multiimage">
				<visible>!Skin.HasSetting(View517_DisableFanArt)</visible>
                <include>FullscreenDimensions</include>
                <texture border="15">diffuse/bgpanel.png</texture>
			    <colordiffuse>33ffffff</colordiffuse>
				<imagepath background="true">$VAR[backgroundVar]</imagepath>
                <aspectratio>scale</aspectratio>
                <fadetime>350</fadetime>
                <include>fanartSpeed</include>
                <randomize>true</randomize>
                <loop>yes</loop>
				<!-- Background Animation -->
                <animation effect="zoom" start="110" end="130" center="auto" time="12000" tween="cubic" easing="inout" pulse="true" condition="Skin.HasSetting(BackgroundAnimation)">Conditional</animation>
                <animation effect="slide" start="-10,-10" end="10,10" time="8000" tween="cubic" easing="inout" pulse="true" condition="Skin.HasSetting(BackgroundAnimation)">Conditional</animation>
            </control>
			
            <control type="group">
                <control type="panel" id="517">
                    <posx>63</posx>
                    <bottom>147</bottom>
                    <height>700</height>
                    <width>1820</width>
                    <onup>517</onup>
                    <ondown>517</ondown>
                    <onleft>9000</onleft>
                    <onright condition="Skin.HasSetting(EnableQuickJump)">6000</onright>
					<onright condition="!Skin.HasSetting(EnableQuickJump)">60</onright>
                    <orientation>vertical</orientation>
                    <pagecontrol>60</pagecontrol>
                    <preloaditems>2</preloaditems>
                    <viewtype label="31658">list</viewtype>
                    <include content="View_Forced">
                    <param name="viewtype" value="$LOCALIZE[31658]" />
                    </include>
                    <scrolltime tween="quadratic">400</scrolltime>
                    <itemlayout width="910" height="350" condition="Container.Content(episodes)">
                        <control type="group">
                            <width>872</width>
                            <height>312</height>
                            <control type="image">
								<animation effect="fade" start="100" end="50" time="0" condition="true">Conditional</animation>
								<width>872</width>
								<height>312</height>
								<top>6</top>
								<left>6</left>
                                <texture>diffuse/wide2.png</texture>
                                <colordiffuse>$VAR[ViewDetailsPanelColor]</colordiffuse>
                                <!-- <include>thumbsborder_unfocused</include> -->
                            </control>
                            <control type="image">
                                <!--Panel icon image-->
                                <width>382</width>
                                <height>312</height>
								<top>6</top>
								<left>6</left>
                                <texture background="true" diffuse="diffuse/poster3.png">$VAR[LandscapeImage]</texture>
                                <aspectratio scalediffuse="false" align="center" aligny="top">scale</aspectratio>
                            </control>
                            <control type="label">
                                <left>407</left>
                                <width>435</width>
                                <top>9</top>
                                <height>50</height>
                                <align>left</align>
                                <font>Bold28</font>
                                <textcolor>$INFO[Skin.String(ViewDetailsHighlightTextColor)]</textcolor>
                                <label>$INFO[ListItem.Label]</label>
                            </control>
                            <control type="textbox">
                                <left>407</left>
                                <right>14</right>
                                <top>61</top>
                                <height>200</height>
                                <align>justify</align>
                                <font>Reg26</font>
                                <textcolor>$INFO[Skin.String(ViewDetailsListItemTextColor)]</textcolor>
                                <label>$INFO[ListItem.Plot]</label>
                                <autoscroll>false</autoscroll>
                            </control>
                            <control type="label">
                                <width>450</width>
                                <left>407</left>
                                <bottom>5</bottom>
                                <height>38</height>
                                <align>left</align>
                                <font>Reg26</font>
                                <textcolor>$INFO[Skin.String(ViewDetailsListItemTextColor)]</textcolor>
                                <label fallback="19055">$VAR[ListDetails]</label>
                            </control>
                            <control type="group">
                                <right>-6</right>
                                <top>6</top>
                                <include>WatchedIndicatorNormal</include>
                             </control>
                        </control>
                    </itemlayout>
                    <focusedlayout width="910" height="350" condition="Container.Content(episodes)">
                        <control type="group">
                            <width>872</width>
                            <height>312</height>
                            <control type="image">
								<animation effect="fade" start="100" end="50" time="0" condition="true">Conditional</animation>
								<width>872</width>
								<height>312</height>
								<top>6</top>
								<left>6</left>
                                <texture>diffuse/wide2.png</texture>
								<colordiffuse>$VAR[ViewDetailsPanelColor]</colordiffuse>
                                <!-- <include>thumbsborder_unfocused</include> -->
                            </control>
							<control type="image">
								<width>880</width>
								<height>320</height>
								<top>2</top>
								<left>2</left>
								<bordersize>-2</bordersize>
                                <texture background="true" border="10">$INFO[Skin.String(thumbsborder_focused),bingie/border/thumb_fo_,.png]</texture>
								<colordiffuse>$INFO[Skin.String(ViewDetailsBorderFocusColor)]</colordiffuse>
                                <!-- <include>thumbsborder_unfocused</include> -->
                            </control>
                            <control type="image">
                                <!--Panel icon image-->
                                <width>382</width>
                                <height>312</height>
								<top>6</top>
								<left>6</left>
                                <texture background="true" diffuse="diffuse/poster3.png">$VAR[LandscapeImage]</texture>
                                <aspectratio scalediffuse="false" align="center" aligny="top">scale</aspectratio>
                            </control>
                            <control type="label">
                                <left>407</left>
                                <width>435</width>
                                <top>9</top>
                                <height>50</height>
                                <align>left</align>
                                <font>Bold28</font>
                                <textcolor>$INFO[Skin.String(ViewDetailsHighlightTextColor)]</textcolor>
                                <label>$INFO[ListItem.Label]</label>
                            </control>
                            <control type="textbox">
                                <left>407</left>
								<right>14</right>
                                <top>61</top>
                                <height>200</height>
                                <align>justify</align>
                                <font>Reg26</font>
                                <textcolor>$INFO[Skin.String(ViewDetailsListItemTextFocusColor)]</textcolor>
                                <label>$INFO[ListItem.Plot]</label>
                                <autoscroll delay="4000" time="4000" repeat="2000">!Skin.HasSetting(DisablePlotAutoScroll)</autoscroll>
                            </control>
                            <control type="label">
                                <width>450</width>
                                <left>407</left>
                                <bottom>5</bottom>
                                <height>38</height>
                                <align>left</align>
                                <font>Reg26</font>
                                <textcolor>$INFO[Skin.String(ViewDetailsListItemTextFocusColor)]</textcolor>
                                <label fallback="19055">$VAR[ListDetails]</label>
                            </control>
                            <control type="group">
                                <right>-6</right>
                                <top>6</top>
                                <include>WatchedIndicatorNormal</include>
                             </control>
                        </control>
                    </focusedlayout>

                    <itemlayout width="910" height="350" condition="!Container.Content(episodes)">
                        <control type="group">
                            <width>872</width>
                            <height>312</height>
                            <control type="image">
								<animation effect="fade" start="100" end="50" time="0" condition="true">Conditional</animation>
								<width>872</width>
								<height>312</height>
								<top>6</top>
								<left>6</left>
                                <texture>diffuse/wide2.png</texture>
                                <colordiffuse>$VAR[ViewDetailsPanelColor]</colordiffuse>
                                <!-- <include>thumbsborder_unfocused</include> -->
                            </control>
                            <control type="image">
                                <!--Panel icon image-->
                                <width>222</width>
                                <height>312</height>
								<top>6</top>
								<left>6</left>
                                <texture background="true" diffuse="diffuse/poster3.png">$VAR[PosterThumbList]</texture>
                                <aspectratio scalediffuse="false" align="center" aligny="center">stretch</aspectratio>
								<visible>!String.IsEmpty(ListItem.Art(poster)) | !String.IsEmpty(ListItem.Art(tvshow.poster))</visible>
                            </control>
							<control type="image">
                                <!--Panel icon image-->
                                <width>222</width>
                                <height>312</height>
								<top>6</top>
								<left>6</left>
                                <texture background="true" diffuse="diffuse/poster3.png">$VAR[PosterThumbList]</texture>
                                <aspectratio scalediffuse="false" align="center" aligny="center">scale</aspectratio>
								<visible>String.IsEmpty(ListItem.Art(poster)) + String.IsEmpty(ListItem.Art(tvshow.poster))</visible>
                            </control>
                            <control type="label">
                                <left>247</left>
                                <width>595</width>
                                <top>12</top>
                                <height>50</height>
                                <align>left</align>
                                <font>Bold30</font>
                                <textcolor>$INFO[Skin.String(ViewDetailsHighlightTextColor)]</textcolor>
                                <label>$INFO[ListItem.Label]</label>
                            </control>
                            <control type="textbox">
                                <left>247</left>
                                <right>14</right>
                                <top>61</top>
                                <height>200</height>
                                <align>justify</align>
                                <font>Reg26</font>
                                <textcolor>$INFO[Skin.String(ViewDetailsListItemTextColor)]</textcolor>
                                <label>$VAR[Plots]</label>
                                <autoscroll>false</autoscroll>
                            </control>
                            <control type="label">
                                <width>610</width>
                                <left>247</left>
                                <bottom>5</bottom>
                                <height>38</height>
                                <align>left</align>
                                <font>Reg26</font>
                                <textcolor>$INFO[Skin.String(ViewDetailsListItemTextColor)]</textcolor>
                                <label fallback="19055">$VAR[ListDetails]</label>
                            </control>
                            <control type="group">
                                <right>-6</right>
                                <top>6</top>
                                <include>WatchedIndicatorNormal</include>
                             </control>
                        </control>
                    </itemlayout>
                    <focusedlayout width="910" height="350" condition="!Container.Content(episodes)">
                        <control type="group">
                            <width>872</width>
                            <height>312</height>
							<control type="image">
								<animation effect="fade" start="100" end="50" time="0" condition="true">Conditional</animation>
								<width>872</width>
								<height>312</height>
								<top>6</top>
								<left>6</left>
                                <texture>diffuse/wide2.png</texture>
								<colordiffuse>$VAR[ViewDetailsPanelColor]</colordiffuse>
                                <!-- <include>thumbsborder_unfocused</include> -->
                            </control>
                            <control type="image">
								<width>880</width>
								<height>320</height>
								<top>2</top>
								<left>2</left>
								<bordersize>-2</bordersize>
                                <texture background="true" border="10">$INFO[Skin.String(thumbsborder_focused),bingie/border/thumb_fo_,.png]</texture>
								<colordiffuse>$INFO[Skin.String(ViewDetailsBorderFocusColor)]</colordiffuse>
                                <!-- <include>thumbsborder_unfocused</include> -->
                            </control>
                            <control type="image">
                                <!--Panel icon image-->
                                <width>222</width>
                                <height>312</height>
								<top>6</top>
								<left>6</left>
                                <texture background="true" diffuse="diffuse/poster3.png">$VAR[PosterThumbList]</texture>
                                <aspectratio scalediffuse="false" align="center" aligny="center">stretch</aspectratio>
								<visible>!String.IsEmpty(ListItem.Art(poster)) | !String.IsEmpty(ListItem.Art(tvshow.poster))</visible>
                            </control>
							<control type="image">
                                <!--Panel icon image-->
                                <width>222</width>
                                <height>312</height>
								<top>6</top>
								<left>6</left>
                                <texture background="true" diffuse="diffuse/poster3.png">$VAR[PosterThumbList]</texture>
                                <aspectratio scalediffuse="false" align="center" aligny="center">scale</aspectratio>
								<visible>String.IsEmpty(ListItem.Art(poster)) + String.IsEmpty(ListItem.Art(tvshow.poster))</visible>
                            </control>
                            <control type="label">
                                <left>247</left>
                                <width>595</width>
                                <top>12</top>
                                <height>50</height>
                                <align>left</align>
                                <font>Bold30</font>
                                <textcolor>$INFO[Skin.String(ViewDetailsHighlightTextColor)]</textcolor>
                                <label>$INFO[ListItem.Label]</label>
                            </control>
                            <control type="textbox">
                                <left>247</left>
                                <right>14</right>
                                <top>61</top>
                                <height>200</height>
                                <align>justify</align>
                                <font>Reg26</font>
                                <textcolor>$INFO[Skin.String(ViewDetailsListItemTextFocusColor)]</textcolor>
                                <label>$VAR[Plots]</label>
                                <autoscroll delay="4000" time="4000" repeat="2000">!Skin.HasSetting(DisablePlotAutoScroll)</autoscroll>
                            </control>
                            <control type="label">
                                <width>610</width>
                                <left>247</left>
                                <bottom>5</bottom>
                                <height>38</height>
                                <align>left</align>
                                <font>Reg26</font>
                                <textcolor>$INFO[Skin.String(ViewDetailsListItemTextFocusColor)]</textcolor>
                                <label fallback="19055">$VAR[ListDetails]</label>
                            </control>
                            <control type="group">
                                <right>-6</right>
                                <top>6</top>
                                <include>WatchedIndicatorNormal</include>
                             </control>
                        </control>
                    </focusedlayout>
                </control>
                <!--vertical Scollbar-->
                <control type="scrollbar" id="60">
                    <visible>Control.IsVisible(517) + Integer.IsGreater(Container.NumItems,0)</visible>
                    <right>10</right>
                    <bottom>179</bottom>
                    <height>662</height>
                    <onup>60</onup>
                    <ondown>6000</ondown>
                    <onleft>517</onleft>
                    <animation effect="fade" start="0" end="100" time="400" condition="[Control.HasFocus(60) | Skin.HasSetting(EnableTouchSupport) | Container.Scrolling | Skin.HasSetting(alwaysShowScrollbars)] + !Control.IsVisible(6002)">Conditional</animation>
                    <animation effect="fade" start="100" end="0" time="400" condition="![Control.HasFocus(60) | Skin.HasSetting(EnableTouchSupport) | Container.Scrolling | Skin.HasSetting(alwaysShowScrollbars)] | Control.IsVisible(6002)">Conditional</animation>
                </control>
            </control>
         </control>
    </include>
   

</includes>
