<views>
    <view id="Simple List" value="10" languageid="31567" type="tvchannels,tvrecordings"/>
    <view id="List" value="50" languageid="31443" type="all,!tvchannels,!tvrecordings" excludefromdisable="true"/>
    <view id="Bingie Main Landscape" value="523" languageid="31018" type="movies,setmovies,tvshows,seasons,episodes,sets,musicvideos" />
    <view id="Bingie Main Poster" value="526" languageid="31027" type="movies,setmovies,tvshows,seasons,sets,actors" />
    <view id="Bingie Episodes" value="525" languageid="31827" type="episodes" />
	<view id="Bingie Seasons" value="527" languageid="31095" type="seasons" />
    <view id="Big List" value="51" languageid="31444" type="all,!addons,!images,!tvchannels,!tvrecordings" />
    <view id="Big List 2" value="504" languageid="31643" type="all,!addons,!images,!tvchannels,!tvrecordings" />
    <view id="Low List" value="515" languageid="31442" type="all,!addons,!images,!tvchannels,!tvrecordings" />	
	<view id="Slim List" value="516" languageid="31450" type="all,!addons,!images,!tvchannels,!tvrecordings" />
    <view id="Right List" value="522" languageid="31722" type="all,!addons,!images,!tvchannels,!tvrecordings" />
    <view id="Panel" value="54" languageid="31680" type="movies,setmovies,tvshows,seasons,sets,actors" />
    <view id="Panel details" value="53" languageid="31422" type="movies,setmovies,tvshows,seasons,sets,actors" />
    <view id="Panel Wall" value="520" languageid="31423" type="movies,setmovies,tvshows,seasons,sets,actors" />
    <view id="Panel Low" value="521" languageid="31681" type="movies,setmovies,tvshows,seasons,sets,actors" />
    <view id="Big Panel" value="57" languageid="31426" type="movies,setmovies,tvshows,seasons,sets,actors" />
    <view id="Big Panel details" value="59" languageid="31428" type="movies,setmovies,tvshows,seasons,sets,actors" />
    <view id="Big Panel Wall" value="519" languageid="31666" type="movies,setmovies,tvshows,seasons,sets,actors" />
    <view id="Horizontal Panel" value="52" languageid="31445" type="movies,setmovies,tvshows,seasons,sets,actors" />
    <view id="Panel Square" value="509" languageid="31436" type="all,!addons,!tvchannels,!tvrecordings" />	
	<view id="Panel Square details" value="510" languageid="31437" type="all,!addons,!images,!tvchannels,!tvrecordings" />	
    <view id="Thumbs" value="511" languageid="31438" type="movies,setmovies,tvshows,seasons,episodes,sets,musicvideos,images" />
	<view id="Thumbs details" value="512" languageid="31439" type="movies,setmovies,tvshows,seasons,episodes,sets,musicvideos" />
    <view id="Landscape" value="501" languageid="31430" type="movies,setmovies,tvshows,seasons,episodes,sets,musicvideos,images" />
	<view id="Landscape Single Row" value="502" languageid="31431" type="movies,setmovies,tvshows,seasons,episodes,sets,musicvideos" />
    <view id="Landscape details" value="505" languageid="31432" type="movies,setmovies,tvshows,seasons,episodes,sets,musicvideos" />
    <view id="Banner list" value="55" languageid="31424" type="movies,setmovies,tvshows,seasons,sets" />
    <view id="Banner Plex" value="56" languageid="31425" type="movies,setmovies,tvshows,seasons,sets" />
    <view id="Single Poster" value="508" languageid="31435" type="movies,setmovies,tvshows,seasons,sets,actors" />	
    <view id="Large Poster" value="58" languageid="31427" type="movies,setmovies,tvshows,seasons,sets,actors" />
    <view id="Poster Row" value="513" languageid="31440" type="movies,setmovies,tvshows,seasons,sets,actors" />	
	<view id="Poster Shift" value="514" languageid="31441" type="movies,setmovies,tvshows,seasons,sets,actors" />
	<view id="Showcase" value="524" languageid="31429" type="movies,setmovies,tvshows,seasons,sets,actors" />
    <view id="Extended" value="506" languageid="31433" type="movies,setmovies,tvshows,seasons,episodes,sets,musicvideos" />
    <view id="Cards" value="517" languageid="31658" type="movies,setmovies,tvshows,seasons,episodes,sets,actors,musicvideos" />
    <view id="Wide" value="518" languageid="31659" type="movies,setmovies,tvshows,seasons,episodes,sets,musicvideos" />
	<view id="Logos" value="503" languageid="31461" type="movies,setmovies,tvshows,musicvideos" />
	<view id="FanArt" value="507" languageid="31434" type="movies,setmovies,tvshows,seasons,sets,musicvideos,images" />
</views>