<?xml version="1.0" encoding="utf-8"?>
<!-- BINGIE -->
<shortcuts>
	<!-- Search -->
	<shortcut>
		<label>137</label>
		<label2>137</label2>
		<icon>shortcuts/search.png</icon>
		<thumb />
		<action>ActivateWindow(1109,return)</action>
	</shortcut>

	<!-- Home -->
	<shortcut>
		<label>10000</label>
		<label2>10000</label2>
		<icon>shortcuts/home.png</icon>
		<thumb />
		<action>ActivateWindow(home,return)</action>
	</shortcut>
	
	<!-- Play Something Hub -->
	<shortcut>
		<label>320027</label>                           
		<label2>320027</label2>                         
		<icon>shortcuts/something.png</icon>
		<thumb />
		<action>ActivateWindow(1118,return)</action>
	</shortcut>

	<!-- New/Popular Hub -->
	<shortcut>
		<label>320032</label>
		<label2>320032</label2>
		<icon>shortcuts/new.png</icon>
		<thumb />
		<action>ActivateWindow(1112,return)</action>
	</shortcut>
	
	<!-- TV hub -->
	<shortcut>
		<label>20343</label>
		<label2>20343</label2>
		<icon>shortcuts/tv.png</icon>
        <thumb />
		<action>ActivateWindow(1110,return)</action>
	</shortcut>

	<!-- Movies hub -->
	<shortcut>
		<label>342</label>
		<label2>342</label2>
		<icon>shortcuts/clapperboard.png</icon>
		<thumb />
		<action>ActivateWindow(1111,return)</action>
	</shortcut>
	
	<!-- Category hub -->
	<shortcut>
		<label>31025</label>
		<label2>31025</label2>
		<icon>shortcuts/categories.png</icon>
        <thumb />
		<action>ActivateWindow(1119,return)</action>
	</shortcut>

	<!-- Music -->
	<shortcut>
		<label>2</label>
		<label2>2</label2>
		<icon>shortcuts/music.png</icon>
		<thumb />
		<action>ActivateWindow(Music,musicdb://albums/,return)</action>
	</shortcut> 
	
	<!-- Live TV -->
	<!-- <shortcut> -->
		<!-- <label>32022</label> -->
		<!-- <label2>32022</label2> -->
		<!-- <icon>shortcuts/antenna.png</icon> -->
		<!-- <thumb /> -->
		<!-- <action>ActivateWindow(1116,return)</action> -->
	<!-- </shortcut>  -->

	<!-- My List Hub -->
    <shortcut>
        <label>31534</label>
        <label2>31534</label2>
        <icon>shortcuts/mylist.png</icon>
        <thumb />
        <action>ActivateWindow(1114,return)</action>
    </shortcut>

</shortcuts>
